MAG	KigC100	KigC1200	KigC150	KigC250	KigC300	KigCa35	KigCa65	KigCas0	KigOff0	KigOff120	KigOff40	KigOff80	KigOffSurface	MahC100	MahC200	MahC400	MahCa10	MahCa50	MahCa65	Mahsurface_10	Mahsurface_6	Mahsurface_7	Mahsurface_8	Mahsurface_9
M_DeepCast_200m_mx_001	1202.09	1977.59	1729.29	1579.19	1232.17	3054.68	1207.92	5148.58	3532.85	22.54	2860.81	64.03	3604.97	2359.28	984.35	1173.69	2464.59	949.90	689.23	3673.20	794.01	2151.08	1741.83	1931.93
M_DeepCast_100m_mx_312	199.73	604.77	292.68	542.52	621.11	0.07	0.44	0.01	0.00	0.11	0.00	0.05	0.01	54.75	614.24	627.85	0.02	0.07	8.94	0.01	0.02	0.02	0.01	0.02
K_Offshore_120m_m1_195	729.84	598.65	602.19	750.70	506.93	1276.44	541.38	1478.75	1143.68	302.27	1496.09	531.03	1265.05	1126.91	460.17	1057.12	1287.59	674.93	482.60	1865.88	1356.64	1596.27	2346.22	1930.69
M_DeepCast_100m_m1_067	304.34	484.82	451.19	397.50	304.59	766.85	311.55	1266.04	793.72	4.81	733.26	11.38	778.60	403.63	177.37	203.99	410.65	163.92	122.62	506.30	117.58	333.39	284.23	248.40
M_DeepCast_200m_m2_041	647.36	404.90	373.98	414.66	300.21	1418.20	236.11	1625.99	985.78	140.13	2415.35	261.79	1697.59	966.10	320.99	460.58	792.44	328.81	173.91	1334.56	1078.73	1361.13	1370.71	1289.64
M_surface_10_m2_136	490.97	322.51	340.18	439.26	269.85	1024.63	267.79	1135.51	824.90	68.42	1440.62	166.39	1091.12	815.00	249.84	578.43	807.59	287.66	194.33	1249.20	1167.12	1239.91	1456.61	1349.01
K_Offshore_80m_m1_039	410.38	322.28	235.33	130.97	237.64	7.15	826.83	1.56	0.90	2033.91	7.33	1254.74	4.14	430.28	193.52	267.09	25.15	1652.92	863.37	2.22	3.55	0.36	2.38	4.51
K_DeepCast_35m_m2_037	290.25	287.77	236.78	298.27	201.77	492.87	286.54	597.30	482.47	125.50	597.38	164.10	488.37	349.68	193.93	259.52	323.49	187.72	160.78	326.29	137.76	285.43	417.90	227.74
K_Offshore_80m_m1_031	381.66	270.93	289.61	354.39	228.13	614.18	271.95	762.21	531.31	163.34	719.28	278.00	604.85	544.01	202.98	472.04	605.02	343.83	244.96	896.05	646.65	770.73	1211.15	937.10
K_DeepCast_100m_mx_034	301.80	263.11	194.71	127.47	214.85	80.39	422.81	62.49	29.62	1314.85	92.45	1565.12	62.49	432.84	237.21	352.14	163.36	888.11	510.05	42.14	45.59	24.97	89.66	97.25
K_Offshore_0m_mx_139	445.92	261.20	297.15	315.88	179.39	1173.93	261.05	935.14	493.75	27.11	783.84	62.88	1022.09	554.45	318.87	274.51	445.88	177.86	109.96	682.70	629.51	555.66	555.82	639.76
M_surface_7_m2_239	263.17	191.68	203.32	241.41	167.22	468.50	142.41	563.46	415.16	86.96	688.60	229.47	522.16	368.40	132.75	282.42	437.48	169.64	108.52	587.88	429.74	482.59	688.95	588.44
M_DeepCast_100m_m2_072	202.10	188.90	179.07	224.61	128.61	351.31	170.95	435.39	221.36	13.89	307.80	27.40	230.17	242.51	112.50	192.33	266.64	126.82	94.78	372.28	290.69	295.72	441.59	466.61
M_DeepCast_65m_m2_268	1253.55	165.76	500.68	87.95	185.96	0.11	3.28	0.02	0.01	0.83	0.01	0.01	0.01	324.89	73.21	38.44	0.02	0.03	34.88	0.01	0.02	0.02	0.02	0.03
K_DeepCast_0m_m1_227	129.56	157.06	132.31	175.54	111.44	251.39	102.01	315.49	145.35	26.09	215.60	82.56	216.16	165.65	76.31	166.71	210.97	88.94	69.46	282.31	184.19	236.26	368.11	267.02
K_DeepCast_150m_m2_250	1127.95	154.84	393.44	99.79	180.55	0.36	25.38	0.29	0.24	35.95	0.28	0.52	0.29	332.14	196.43	119.39	0.23	1.35	1030.66	0.32	0.28	0.41	0.35	0.29
K_DeepCast_0m_m2_222	317.81	153.53	209.00	198.98	132.29	609.01	219.71	660.69	175.63	8.56	356.35	13.06	354.58	264.01	105.83	119.37	243.28	108.98	86.96	520.10	520.74	510.26	520.36	746.88
K_DeepCast_35m_m2_155	90.51	151.65	131.73	115.25	96.33	248.71	95.75	393.38	359.53	2.04	330.53	4.18	358.18	158.59	67.31	84.15	172.27	61.37	47.97	249.13	65.71	174.99	132.93	127.62
K_Offshore_surface_mx_210	132.34	130.04	116.03	126.69	97.24	302.99	93.46	350.46	448.04	22.59	613.12	37.05	417.00	215.91	85.05	128.90	211.80	80.93	51.69	304.44	153.48	305.93	282.59	205.52
M_DeepCast_65m_mx_236	104.33	122.86	90.31	79.62	89.57	69.94	308.19	78.10	59.59	480.56	81.94	562.18	66.50	117.31	79.36	107.27	61.29	295.44	307.65	60.19	38.29	51.31	78.35	58.00
K_DeepCast_35m_m1_018	127.70	109.33	105.45	129.40	72.94	236.74	90.27	273.89	208.98	3.06	288.07	6.22	293.84	183.70	84.34	108.76	186.47	84.29	58.43	327.58	173.72	323.86	312.43	275.73
K_DeepCast_100m_m1_199	77.16	107.96	82.40	116.06	131.39	0.02	0.22	0.01	0.00	0.19	0.00	0.01	0.01	22.49	124.00	144.35	0.01	0.01	6.14	0.01	0.01	0.02	0.01	0.01
K_DeepCast_0m_m1_088	60.07	103.20	88.89	80.96	65.46	168.89	61.69	252.72	184.73	1.65	155.09	6.06	199.01	193.15	93.19	92.78	211.21	73.04	57.00	334.20	70.60	181.05	143.93	188.70
K_DeepCast_65m_m2_129	60.42	100.73	69.76	52.57	74.70	6.76	283.71	6.01	2.40	362.29	5.78	413.65	3.97	83.73	61.42	85.14	11.74	393.18	317.20	2.91	3.82	2.22	4.34	6.71
K_DeepCast_100m_mx_276	111.96	97.39	100.87	104.41	119.39	0.04	14.01	0.00	0.01	12.61	0.03	6.31	0.02	36.62	115.46	118.71	0.16	14.24	19.18	0.05	0.04	0.11	0.05	0.02
K_DeepCast_250m_m2_317	31.69	95.10	46.02	78.19	87.95	0.01	0.07	0.01	0.00	0.02	0.00	0.01	0.01	8.97	100.89	114.01	0.01	0.02	1.24	0.01	0.01	0.01	0.01	0.01
K_DeepCast_250m_m1_045	4.03	95.06	15.73	79.36	133.20	0.01	0.02	0.00	0.00	0.01	0.00	0.00	0.00	1.17	57.00	117.85	0.00	0.00	0.32	0.00	0.00	0.00	0.00	0.00
K_DeepCast_65m_m2_221	110.03	88.18	81.18	65.25	71.33	54.64	233.77	55.54	41.51	463.75	75.49	376.41	56.94	129.86	63.38	114.40	48.68	430.75	343.16	63.49	62.47	63.21	72.42	74.53
K_Offshore_0m_mx_037	57.44	84.93	75.19	70.09	53.55	142.31	52.59	220.67	205.23	2.24	172.49	4.36	212.06	104.51	47.39	53.46	107.46	41.03	30.32	167.69	51.98	108.21	86.49	89.97
M_surface_8_m2_026	78.05	76.25	75.00	94.96	66.07	157.15	51.47	195.06	123.87	11.61	185.15	30.45	157.46	148.46	54.71	142.23	193.43	72.12	53.42	257.48	180.55	210.83	306.71	268.19
M_surface_9_m1_013	123.72	75.29	95.74	102.43	62.87	237.40	84.63	256.52	190.57	2.47	291.69	3.17	232.34	138.12	60.86	86.29	138.15	62.35	49.16	285.56	239.79	293.19	328.18	373.56
M_surface_9_m2_080	103.19	75.28	74.77	99.60	62.79	225.99	58.98	238.71	172.70	20.27	291.46	51.66	210.35	197.33	61.53	148.90	194.65	69.75	46.90	255.64	263.45	248.66	290.12	310.31
K_DeepCast_300m_m2_256	38.50	69.31	20.97	31.71	54.80	73.83	14.25	59.55	16.52	3.39	39.67	7.73	44.41	53.31	37.60	70.04	39.21	12.72	7.98	103.23	184.30	90.46	80.58	88.60
K_DeepCast_150m_m2_101	39.45	69.26	59.79	54.82	43.85	112.33	40.08	162.21	114.83	1.39	89.63	5.80	125.43	179.04	89.34	84.15	200.92	67.31	53.85	328.21	64.55	167.34	138.70	188.37
K_Offshore_80m_m2_121	90.36	68.99	49.67	28.75	48.84	1.29	204.48	0.66	0.24	338.40	0.81	196.99	0.55	67.07	45.89	56.74	6.25	284.54	312.26	0.56	0.67	0.18	0.91	0.92
M_surface_8_m2_185	95.14	67.98	76.83	75.42	49.61	182.77	48.89	252.82	117.71	116.66	332.80	174.56	231.81	153.44	43.57	73.63	123.33	95.89	37.44	222.35	152.34	196.80	200.15	201.75
M_surface_10_m1_294	84.85	66.77	66.61	88.47	50.71	153.63	76.97	167.87	103.85	10.47	164.23	13.75	115.03	73.31	38.56	47.22	61.83	31.13	20.84	70.46	26.00	57.26	55.72	49.21
M_DeepCast_50m_m1_018	65.80	65.38	51.74	37.99	53.24	18.81	245.04	18.55	5.18	202.26	10.90	175.29	10.29	57.29	42.44	47.90	10.92	275.85	205.29	15.29	15.43	15.21	15.27	22.52
K_DeepCast_100m_m2_118	121.03	64.73	104.17	116.51	111.93	0.04	0.45	0.01	0.00	0.25	0.01	0.01	0.02	28.71	132.89	96.27	0.01	0.01	22.60	0.01	0.03	0.04	0.02	0.02
M_surface_10_m2_188	62.17	60.63	58.52	82.89	49.27	110.41	43.26	141.63	94.15	5.67	142.03	12.25	120.86	87.12	40.69	101.18	137.56	50.60	36.72	195.93	140.42	152.77	271.81	189.09
K_Offshore_80m_m2_203	76.94	60.37	44.04	24.63	44.14	1.31	159.27	0.22	0.14	389.08	1.30	228.27	0.75	80.16	36.17	49.07	4.54	311.15	156.84	0.36	0.54	0.04	0.34	0.66
M_DeepCast_100m_m1_014	40.89	58.94	44.99	29.53	39.97	1.65	242.11	1.44	0.57	297.46	1.53	245.02	0.94	34.84	31.83	41.11	3.68	255.38	132.46	1.08	1.42	1.70	1.38	1.55
K_DeepCast_1200m_m2_283	537.89	58.43	259.03	44.51	84.21	0.10	1.13	0.01	0.01	0.08	0.01	0.01	0.01	143.79	81.66	21.55	0.01	0.01	7.84	0.01	0.01	0.01	0.01	0.01
K_DeepCast_35m_m2_191	55.49	57.05	46.58	51.25	37.23	100.46	63.00	111.18	59.51	76.59	79.91	103.63	60.01	83.24	69.50	78.52	73.78	61.66	38.37	72.61	33.60	47.30	82.73	57.98
K_DeepCast_250m_m2_302	63.32	56.11	54.84	59.37	76.64	0.01	0.15	0.00	0.00	0.08	0.00	0.00	0.00	18.45	69.95	75.82	0.00	0.01	2.52	0.01	0.01	0.02	0.01	0.00
K_DeepCast_250m_m1_110	12.67	53.93	20.31	46.88	50.25	0.03	0.34	0.02	0.02	0.46	0.02	0.49	0.02	3.32	45.18	73.55	0.04	0.30	2.35	0.02	0.03	0.05	0.02	0.02
K_DeepCast_35m_m2_259	29.64	53.83	35.51	30.27	41.69	11.44	128.70	11.08	3.90	180.09	7.97	227.36	5.51	45.68	36.13	51.68	11.83	200.16	129.38	4.31	4.94	3.24	6.71	8.66
M_DeepCast_50m_m2_117	61.14	49.28	43.69	33.17	42.58	24.21	130.15	25.77	15.22	225.44	29.09	315.82	21.75	63.44	36.59	57.92	27.14	212.17	177.37	23.77	21.78	18.98	30.53	31.68
M_DeepCast_50m_m2_151	27.61	49.26	29.69	21.48	35.35	2.05	143.78	0.35	0.08	285.29	0.68	197.68	0.35	46.89	33.24	50.90	9.36	227.46	90.54	0.36	0.90	0.07	1.53	0.62
K_DeepCast_1200m_m2_191	73.24	47.42	61.39	40.68	53.96	0.03	0.44	0.03	0.02	0.48	0.01	0.10	0.02	19.64	45.48	55.68	0.02	0.14	12.26	0.03	0.01	0.03	0.01	0.01
K_Offshore_40m_m1_049	96.04	46.91	50.93	58.33	36.27	184.52	39.51	224.52	96.09	4.81	158.00	12.74	170.66	120.69	44.15	51.96	96.75	36.88	23.50	254.70	170.57	239.36	222.71	241.41
M_DeepCast_400m_m2_207	2.00	45.61	4.45	21.73	41.57	0.00	0.01	0.00	0.00	0.00	0.00	0.00	0.00	0.49	17.14	60.72	0.00	0.00	0.11	0.00	0.00	0.00	0.00	0.00
K_DeepCast_100m_m2_176	230.98	44.44	109.22	67.88	61.26	0.02	1.39	0.00	0.00	1.27	0.00	0.01	0.00	55.10	80.14	46.71	0.01	0.15	60.98	0.00	0.06	0.04	0.00	0.01
K_DeepCast_100m_m2_150	89.63	44.40	58.62	66.46	37.54	152.41	56.69	166.38	54.42	0.54	86.44	0.81	91.31	54.28	24.83	32.04	47.66	18.61	14.29	72.69	75.06	89.36	69.51	155.23
M_DeepCast_50m_m2_218	52.67	42.50	47.40	49.27	29.88	82.68	41.82	96.19	104.72	4.93	137.58	13.12	114.88	57.61	31.39	42.73	68.12	34.76	25.66	104.41	97.02	97.66	134.76	131.43
K_DeepCast_35m_m1_286	38.90	42.28	35.89	36.68	26.85	84.80	28.94	125.51	67.85	7.28	82.48	9.23	66.86	48.09	28.18	27.86	47.45	22.27	18.05	36.96	15.97	34.69	35.65	28.84
K_Offshore_80m_m2_224	56.49	42.24	44.62	48.03	27.99	137.84	40.69	143.07	34.32	8.45	59.32	26.01	61.86	84.44	36.40	41.29	75.92	32.59	26.69	103.95	92.62	96.92	105.81	149.65
M_DeepCast_100m_m2_214	60.03	42.13	42.36	54.75	28.43	118.06	35.84	123.35	38.64	4.45	55.22	12.59	56.54	80.89	43.53	51.89	73.93	32.51	23.39	106.45	54.64	101.04	110.58	107.33
M_surface_9_mx_199	73.32	41.54	50.17	67.06	32.75	132.70	47.14	125.63	21.95	3.44	122.18	47.53	81.73	93.86	62.24	44.32	103.18	29.55	31.23	127.25	263.68	177.91	137.44	405.53
K_DeepCast_150m_m1_110	30.60	41.50	42.69	51.96	61.69	0.02	0.09	0.02	0.01	0.06	0.01	0.01	0.01	10.05	58.40	55.98	0.01	0.01	1.54	0.02	0.01	0.02	0.01	0.01
M_DeepCast_65m_m2_224	21.76	41.41	26.06	16.62	25.99	4.10	137.18	3.37	0.82	162.89	2.64	213.62	1.45	30.39	23.22	28.07	5.71	155.57	109.75	1.10	1.35	0.63	1.80	2.27
K_Offshore_80m_m2_029	16.87	41.14	23.79	18.09	22.75	13.06	91.16	14.60	5.51	103.80	9.32	119.39	8.53	37.78	33.71	35.69	22.24	89.71	68.00	4.93	2.31	2.82	10.20	5.00
K_DeepCast_250m_m2_231	1.66	40.82	6.39	25.00	41.56	0.00	0.03	0.00	0.00	0.02	0.00	0.02	0.00	0.53	24.71	47.17	0.00	0.01	0.21	0.00	0.00	0.01	0.00	0.00
K_Offshore_80m_m2_040	24.16	37.50	26.58	21.86	31.16	10.32	70.42	8.51	4.71	276.81	10.21	321.25	7.84	53.18	39.84	65.91	35.28	157.19	71.13	6.72	6.66	2.61	17.51	10.82
M_DeepCast_400m_m1_028	20.36	36.96	18.07	40.61	52.05	0.01	0.04	0.00	0.01	0.01	0.00	0.01	0.00	4.51	37.94	76.78	0.00	0.02	0.50	0.01	0.01	0.03	0.01	0.01
K_DeepCast_100m_m1_112	28.04	36.15	33.12	34.18	38.83	0.01	0.05	0.00	0.00	0.01	0.00	0.00	0.00	6.86	46.34	41.93	0.00	0.00	0.80	0.00	0.00	0.00	0.00	0.00
M_DeepCast_200m_mx_194	8.02	34.80	15.50	40.55	42.89	0.01	0.04	0.00	0.00	0.02	0.00	0.00	0.00	2.11	46.72	47.67	0.00	0.01	0.36	0.01	0.01	0.00	0.00	0.00
K_Offshore_0m_m1_007	41.91	34.44	33.70	49.64	28.33	95.64	25.61	91.60	49.91	6.36	89.46	17.39	80.55	78.88	26.71	75.31	88.78	34.62	23.02	113.32	120.10	110.77	165.24	131.88
M_surface_9_m2_112	34.13	33.66	27.06	36.59	21.20	46.04	25.68	81.57	84.27	2.87	82.80	2.73	64.92	23.53	14.18	22.92	24.85	10.07	9.08	50.15	31.54	43.02	69.42	39.04
K_Offshore_80m_m1_206	79.01	33.65	30.15	19.03	25.73	0.35	125.68	0.16	0.12	109.74	0.33	58.38	0.22	28.69	19.72	23.71	0.88	101.37	198.85	0.20	0.37	0.31	0.25	0.25
M_DeepCast_50m_m2_018	48.87	32.53	42.37	32.31	29.36	8.22	181.79	2.49	0.58	330.90	2.13	562.42	1.55	40.32	48.35	40.19	6.25	152.22	102.95	0.57	1.00	0.26	1.62	1.25
M_surface_10_mx_236	59.36	32.25	45.97	44.35	26.04	133.80	61.32	88.19	31.13	25.36	81.80	51.13	100.12	80.38	54.40	49.71	76.55	28.06	18.82	110.44	262.73	185.19	110.19	184.98
K_DeepCast_100m_m2_152	23.02	31.32	26.75	32.78	33.87	0.00	0.05	0.00	0.00	0.01	0.00	0.00	0.00	5.58	40.98	41.58	0.00	0.00	0.63	0.00	0.00	0.00	0.00	0.00
K_DeepCast_250m_m1_077	5.00	31.19	13.90	24.75	43.07	0.00	0.04	0.00	0.00	0.02	0.00	0.01	0.00	2.75	26.54	23.70	0.00	0.01	0.76	0.00	0.00	0.01	0.00	0.00
K_DeepCast_35m_m1_052	35.03	30.46	31.84	36.62	22.52	77.12	30.96	75.90	5.18	0.39	13.14	0.27	10.13	45.01	17.98	28.08	44.02	21.38	14.55	58.50	46.27	64.58	62.95	99.53
K_DeepCast_0m_m1_144	29.35	30.04	27.08	29.47	17.99	86.03	25.02	61.12	57.96	0.52	63.73	0.95	76.06	33.43	26.09	29.78	34.71	13.81	13.88	40.70	18.09	28.09	39.51	26.47
M_DeepCast_400m_m2_062	2.53	29.15	6.89	22.29	31.91	0.00	0.01	0.00	0.00	0.01	0.00	0.00	0.00	0.49	15.70	42.25	0.00	0.00	0.27	0.00	0.00	0.01	0.01	0.00
K_DeepCast_250m_m2_102	4.14	29.00	11.50	19.25	35.85	0.02	0.06	0.02	0.01	0.04	0.01	0.03	0.02	2.10	20.82	21.67	0.01	0.03	0.48	0.02	0.01	0.03	0.02	0.02
M_DeepCast_50m_m2_221	11.26	28.93	16.88	11.60	19.71	1.33	63.10	1.18	0.43	108.34	1.01	99.39	0.62	16.27	12.15	16.36	2.32	99.44	46.13	0.51	0.45	0.36	0.73	0.84
K_DeepCast_1200m_m2_081	1.15	28.81	3.02	4.17	13.68	1.30	0.83	2.03	0.00	0.00	0.00	0.00	0.00	0.46	1.14	13.69	0.12	0.72	0.35	2.41	0.44	1.20	0.89	2.24
K_Offshore_120m_m2_148	24.71	28.08	24.97	24.15	20.75	23.79	94.84	25.22	17.76	81.35	26.88	109.80	19.38	24.34	19.29	21.49	11.62	68.49	33.96	11.06	4.41	9.14	9.97	8.17
M_surface_10_m2_119	18.22	27.73	25.92	22.74	17.95	44.34	17.77	69.91	62.56	4.10	50.09	7.38	74.62	39.91	21.15	19.63	41.02	16.87	13.17	65.76	10.65	35.30	25.89	27.63
K_DeepCast_35m_m1_288	17.05	27.18	23.50	21.61	17.07	46.75	16.79	66.44	42.21	0.50	34.21	1.61	45.94	45.39	22.51	22.14	49.33	17.50	13.48	74.49	17.46	42.78	34.60	43.45
K_DeepCast_250m_m2_143	2.30	26.99	6.34	24.40	29.68	0.00	0.01	0.00	0.00	0.00	0.00	0.00	0.00	0.44	24.69	40.30	0.00	0.00	0.08	0.00	0.00	0.00	0.00	0.00
K_DeepCast_100m_m2_316	63.68	26.33	43.51	44.53	40.31	0.05	0.99	0.06	0.04	1.76	0.04	0.06	0.05	10.42	41.87	43.83	0.03	0.15	29.04	0.06	0.02	0.04	0.03	0.03
K_DeepCast_250m_m2_061	30.11	26.18	29.90	29.40	28.82	0.01	0.07	0.00	0.00	0.03	0.00	0.02	0.01	7.38	45.87	28.91	0.01	0.02	2.03	0.01	0.01	0.03	0.01	0.01
M_DeepCast_100m_m1_317	34.37	25.74	25.85	28.15	17.10	69.84	26.01	63.10	55.73	4.05	60.12	2.86	50.74	44.84	34.59	36.72	38.45	17.45	16.16	42.32	24.62	38.27	50.65	49.91
K_Offshore_120m_m1_194	22.66	25.01	21.34	24.41	17.74	36.57	26.23	41.88	19.95	32.58	28.23	46.23	21.55	27.03	14.78	23.50	26.60	28.63	14.42	33.82	26.04	26.91	40.19	42.66
M_DeepCast_400m_m2_130	4.44	24.75	9.35	17.57	28.87	0.01	0.05	0.01	0.01	0.04	0.01	0.04	0.01	1.42	16.61	36.23	0.01	0.03	0.79	0.02	0.03	0.07	0.02	0.03
M_DeepCast_65m_mx_068	51.68	24.73	27.21	27.29	29.51	6.71	14.12	7.45	3.92	10.67	5.97	6.20	5.11	19.77	31.18	30.67	3.92	6.88	157.55	6.19	5.21	5.73	6.03	7.60
K_DeepCast_100m_m2_189	16.08	24.52	18.46	26.77	28.38	0.00	0.03	0.00	0.00	0.03	0.00	0.00	0.01	4.32	30.37	31.83	0.01	0.01	0.95	0.02	0.01	0.04	0.01	0.00
K_Offshore_80m_m2_222	24.29	24.50	20.80	21.25	16.72	36.88	40.21	42.71	19.32	79.28	27.66	106.86	20.19	40.31	31.97	36.32	31.02	47.78	22.40	27.85	12.92	17.79	33.18	23.55
K_DeepCast_250m_m1_199	109.34	24.39	90.42	39.95	29.49	0.02	0.19	0.00	0.00	0.02	0.00	0.01	0.00	30.25	92.57	22.17	0.00	0.01	3.87	0.01	0.01	0.02	0.00	0.01
M_surface_10_m2_179	15.33	24.35	21.91	19.94	15.30	39.69	15.14	64.58	43.61	0.36	36.10	1.02	46.14	36.44	15.40	17.39	39.62	14.73	10.72	56.01	13.34	31.18	24.51	35.52
K_DeepCast_35m_m2_067	14.06	23.57	16.58	18.93	17.08	34.17	13.42	51.17	14.09	12.37	20.48	30.06	14.34	39.10	20.42	31.22	37.53	17.80	15.75	27.71	11.24	19.81	28.99	24.43
K_DeepCast_150m_m1_139	12.30	23.55	23.64	44.41	31.25	0.01	0.03	0.00	0.00	0.01	0.00	0.00	0.00	3.43	45.12	34.71	0.00	0.01	0.53	0.00	0.00	0.00	0.00	0.00
K_DeepCast_1200m_m2_124	1.23	23.14	3.95	3.93	8.67	1.41	1.35	0.98	0.09	0.10	0.10	0.21	0.14	0.66	1.34	9.21	0.37	0.63	0.86	0.56	0.19	1.70	0.51	0.53
M_DeepCast_50m_m1_133	11.77	23.13	11.00	7.28	11.22	0.43	77.88	0.41	0.32	37.21	0.44	19.54	0.32	10.49	8.40	9.38	0.69	57.01	31.59	0.25	0.14	0.25	0.34	0.20
M_surface_7_m2_037	14.68	22.84	20.08	18.89	14.31	39.47	13.78	60.05	39.54	0.44	30.76	1.99	43.79	64.51	28.86	27.68	70.08	23.68	19.13	116.70	23.32	60.00	55.31	70.54
M_DeepCast_50m_m1_060	29.17	22.42	16.57	9.28	16.33	1.10	59.09	0.56	0.36	141.20	1.12	85.47	0.82	30.84	13.78	18.89	2.25	115.09	58.79	0.66	1.29	0.58	0.74	1.02
K_DeepCast_250m_mx_116	7.25	22.38	13.10	25.90	28.25	0.01	0.03	0.01	0.00	0.01	0.01	0.01	0.01	1.70	30.05	32.51	0.01	0.02	0.25	0.01	0.01	0.01	0.01	0.01
K_Offshore_80m_m2_057	14.01	22.38	17.54	13.45	14.56	6.86	78.69	7.88	3.91	125.46	5.83	87.70	4.43	18.56	13.71	17.62	5.98	105.09	33.41	6.59	4.93	5.02	7.64	8.26
M_surface_10_m1_298	14.73	22.23	20.04	17.93	14.05	40.25	14.35	60.89	36.99	0.33	32.59	1.36	42.51	40.14	16.93	17.29	42.58	15.08	11.21	67.13	15.47	35.78	28.24	39.17
M_DeepCast_200m_m2_208	4.50	21.62	9.99	28.25	29.32	0.00	0.01	0.00	0.00	0.00	0.00	0.00	0.00	1.06	28.53	30.39	0.00	0.00	0.17	0.00	0.00	0.00	0.00	0.00
M_DeepCast_400m_m2_128	1.39	21.34	3.04	13.44	18.99	0.00	0.00	0.00	0.00	0.00	0.00	0.00	0.00	0.37	11.51	32.99	0.00	0.00	0.03	0.00	0.00	0.00	0.00	0.00
M_surface_10_m2_180	20.28	21.32	17.54	22.90	15.15	43.07	10.58	60.42	40.68	1.37	56.94	3.04	44.78	40.97	16.10	27.46	39.74	15.19	11.46	50.94	25.52	41.32	48.02	54.36
K_Offshore_40m_m1_251	27.96	20.87	21.92	22.69	15.02	52.38	22.19	73.35	38.41	0.32	43.30	0.58	52.96	28.92	10.26	13.56	29.73	11.80	9.58	66.07	57.88	63.35	56.85	79.41
K_DeepCast_150m_m2_056	55.24	20.85	43.18	21.98	24.22	0.01	0.13	0.00	0.00	0.05	0.00	0.00	0.00	18.06	43.22	22.48	0.00	0.00	2.41	0.00	0.01	0.02	0.00	0.00
K_DeepCast_1200m_m2_207	11.34	20.47	13.93	21.30	22.74	0.00	0.03	0.00	0.00	0.03	0.00	0.00	0.01	3.23	22.79	25.75	0.00	0.00	0.75	0.01	0.01	0.04	0.01	0.00
K_Offshore_120m_mx_162	12.74	19.30	14.20	9.55	14.01	3.42	55.20	2.91	2.18	108.50	3.25	114.79	2.51	13.89	12.56	14.51	3.17	71.57	31.28	1.77	1.47	1.73	2.41	1.46
K_Offshore_40m_m2_034	25.79	19.07	20.66	25.25	14.24	51.01	12.38	66.43	28.64	6.05	64.88	13.45	44.43	37.72	11.30	26.31	39.61	15.70	8.60	61.81	55.57	56.86	72.34	59.78
K_DeepCast_150m_m1_063	12.91	18.94	16.88	18.61	19.89	0.02	0.04	0.01	0.01	0.01	0.01	0.01	0.01	3.21	22.79	21.51	0.01	0.01	0.38	0.01	0.01	0.02	0.01	0.01
K_Offshore_80m_m1_157	13.35	18.93	19.93	11.35	13.61	0.28	72.70	0.05	0.04	124.64	0.41	111.65	0.08	22.43	24.36	18.55	1.82	97.64	32.42	0.07	0.15	0.03	0.10	0.14
K_DeepCast_1200m_m1_255	6.91	18.81	10.16	13.37	16.79	0.01	0.09	0.00	0.00	0.13	0.00	0.14	0.00	1.96	18.04	17.72	0.00	0.11	0.33	0.00	0.00	0.01	0.00	0.00
K_Offshore_40m_mx_105	11.84	18.77	16.34	15.78	11.74	26.20	11.23	48.38	49.41	0.41	43.76	0.84	45.21	22.82	9.78	12.69	24.97	9.24	6.68	39.88	11.25	27.05	22.55	21.12
M_surface_9_m2_101	15.04	18.41	15.76	18.09	12.87	35.14	10.16	41.21	28.30	7.61	46.34	15.79	31.07	26.35	9.38	20.94	31.98	12.93	7.98	39.82	25.68	31.65	43.71	33.65
M_DeepCast_65m_m2_001	11.20	18.22	15.50	10.29	10.63	0.28	115.42	0.08	0.07	114.09	0.18	35.27	0.09	17.00	17.84	13.74	0.49	89.94	62.35	0.07	0.07	0.08	0.08	0.07
K_Offshore_surface_m2_011	15.36	18.19	17.06	15.22	14.26	27.80	11.58	39.11	36.60	3.96	27.50	9.24	59.38	22.59	24.16	14.20	22.30	11.54	9.27	28.11	5.32	16.57	18.35	13.42
K_Offshore_40m_m2_212	12.28	18.14	13.19	11.44	13.96	4.15	46.95	5.19	1.86	63.46	4.22	81.90	2.45	17.72	12.07	17.88	4.92	74.15	47.38	2.04	2.09	1.53	3.14	3.79
K_Offshore_40m_m2_012	14.13	18.03	15.57	18.44	14.64	33.08	11.57	42.98	23.97	5.45	44.16	9.39	39.24	26.03	11.30	30.53	33.51	15.66	11.58	46.96	15.57	30.84	57.42	31.95
K_DeepCast_100m_m2_028	54.25	18.01	34.59	38.47	30.40	0.28	0.29	0.29	0.11	0.28	0.19	0.29	0.14	8.13	37.71	33.46	0.21	0.22	1.60	0.22	0.15	0.31	0.22	0.17
M_surface_10_m2_076	23.99	17.69	19.25	28.40	15.50	60.29	14.66	56.23	48.54	2.04	86.46	4.81	73.86	38.46	14.07	32.94	40.26	15.34	10.16	62.53	76.59	60.51	76.79	79.03
K_Offshore_40m_m2_080	25.47	17.48	15.67	17.94	11.74	56.23	12.25	69.60	48.07	0.30	63.56	0.44	66.80	25.38	13.74	11.95	21.57	7.28	5.33	26.43	12.22	27.09	23.08	22.43
K_DeepCast_300m_m2_247	2.54	17.47	6.18	14.67	25.25	0.24	0.08	0.24	0.35	0.03	0.53	0.03	0.33	1.29	15.94	12.83	0.13	0.05	0.33	0.22	0.11	0.23	0.21	0.13
K_DeepCast_150m_m2_105	18.20	17.02	16.28	25.14	29.10	0.00	0.02	0.00	0.00	0.00	0.00	0.00	0.00	4.03	25.78	28.25	0.00	0.00	0.28	0.00	0.00	0.00	0.00	0.00
M_DeepCast_400m_m2_230	8.84	16.97	11.17	40.47	28.10	0.03	0.11	0.04	0.01	0.20	0.02	0.34	0.02	1.58	47.01	42.06	0.03	0.11	0.10	0.03	0.03	0.05	0.04	0.04
M_surface_10_m1_251	15.18	16.96	16.16	14.66	10.23	32.69	20.03	43.97	31.59	0.83	47.18	1.06	30.11	25.83	11.57	17.35	34.71	14.15	12.22	33.26	15.83	22.01	34.90	26.39
K_Offshore_40m_m1_220	24.09	16.90	20.13	20.75	11.69	68.75	17.47	45.28	54.79	0.53	52.85	0.74	69.99	47.99	44.30	41.61	46.33	18.79	18.83	45.62	21.11	37.61	49.60	38.60
K_DeepCast_150m_m1_344	44.05	16.83	33.58	30.77	32.17	0.02	0.10	0.01	0.01	0.04	0.01	0.03	0.01	7.73	49.00	31.82	0.01	0.03	2.50	0.01	0.01	0.02	0.01	0.01
K_DeepCast_35m_m2_023	9.80	16.61	13.90	12.29	11.54	32.11	9.42	40.90	24.44	0.62	21.92	1.89	29.23	22.74	11.50	10.57	22.86	8.26	6.44	30.08	11.34	17.77	14.08	18.13
K_DeepCast_150m_m1_387	100.18	16.51	47.16	9.65	18.30	0.39	2.85	0.41	0.35	6.61	0.40	0.46	0.43	27.12	18.07	9.35	0.31	0.42	59.63	0.63	0.86	1.03	0.99	0.56
M_DeepCast_100m_m1_373	110.52	16.29	34.72	10.60	20.13	0.27	7.52	0.28	0.22	19.48	0.25	1.69	0.28	37.28	21.13	16.45	0.22	1.40	172.46	0.45	0.78	1.37	0.62	0.35
K_Offshore_40m_m1_069	27.57	16.28	15.95	17.21	11.93	58.73	10.27	66.13	38.59	4.46	92.40	8.05	66.73	40.17	14.71	19.33	33.69	13.51	7.18	60.86	68.37	61.86	61.34	57.89
K_DeepCast_1200m_m2_272	0.73	16.04	1.08	1.91	6.54	0.67	0.42	1.24	0.03	0.08	0.05	0.17	0.04	0.24	0.58	2.00	0.12	0.25	0.30	0.18	0.14	0.17	0.09	0.17
K_DeepCast_250m_m1_342	23.84	15.85	24.15	25.63	20.31	0.01	0.05	0.00	0.00	0.00	0.00	0.01	0.00	6.86	37.84	18.90	0.00	0.01	0.93	0.00	0.00	0.01	0.00	0.00
K_DeepCast_250m_m2_227	5.51	15.58	10.76	24.85	18.55	0.02	0.01	0.02	0.02	0.00	0.01	0.00	0.02	1.26	25.45	27.28	0.01	0.01	0.24	0.02	0.00	0.01	0.01	0.01
K_Offshore_surface_m2_005	33.14	15.42	20.79	23.54	12.95	53.70	19.94	61.77	18.89	0.15	29.91	0.23	32.25	19.09	8.23	10.67	16.47	6.55	4.89	25.57	26.52	31.54	25.32	56.14
K_DeepCast_250m_m1_078	4.60	15.36	8.85	19.15	17.93	0.00	0.01	0.00	0.00	0.00	0.00	0.00	0.00	1.30	17.68	20.39	0.00	0.00	0.19	0.00	0.00	0.00	0.00	0.00
M_DeepCast_100m_m2_243	139.95	15.35	39.77	10.81	17.56	0.01	1.99	0.00	0.00	3.17	0.00	0.10	0.00	32.92	18.66	8.76	0.00	0.09	54.26	0.00	0.00	0.00	0.00	0.00
M_surface_9_m1_249	24.68	15.26	14.70	17.45	11.81	48.19	14.10	49.75	35.23	1.08	53.70	1.42	51.29	34.10	19.44	21.85	32.53	13.94	10.05	48.18	32.20	56.56	46.23	67.48
M_DeepCast_100m_m1_323	20.32	15.08	15.50	17.45	10.79	35.81	17.88	36.86	27.79	9.41	30.35	12.17	26.23	27.73	21.67	22.78	22.98	14.40	11.17	23.94	14.95	21.06	29.44	28.09
K_Offshore_40m_mx_035	17.01	14.95	14.48	16.07	10.41	35.29	12.55	42.52	25.73	4.55	39.62	7.39	35.43	24.90	12.34	16.13	26.12	11.83	8.13	37.49	27.58	35.74	37.53	32.41
M_DeepCast_400m_m2_082	0.77	14.47	2.90	19.70	23.56	0.00	0.01	0.00	0.00	0.00	0.00	0.00	0.00	0.17	14.62	26.55	0.00	0.00	0.06	0.00	0.00	0.00	0.00	0.00
K_DeepCast_250m_m1_333	16.10	14.29	16.51	22.86	24.37	0.01	0.03	0.00	0.00	0.01	0.00	0.01	0.01	3.41	27.89	28.93	0.00	0.01	0.59	0.01	0.01	0.02	0.01	0.01
K_Offshore_0m_mx_117	14.86	14.29	12.18	13.16	10.24	23.23	22.04	24.15	15.45	28.77	21.13	30.60	17.58	19.70	13.31	16.03	16.35	22.32	14.77	17.27	14.60	14.82	20.95	16.28
K_DeepCast_35m_m2_096	19.15	14.18	11.70	13.07	10.86	45.98	9.56	51.99	15.61	4.04	27.67	6.56	20.82	22.67	8.26	12.72	18.98	6.73	4.05	24.93	12.92	20.27	25.93	17.54
K_DeepCast_35m_m1_177	9.78	14.11	8.87	9.61	12.72	27.36	5.88	29.47	11.04	0.83	11.08	0.40	9.46	19.22	8.80	7.61	12.02	5.20	2.25	4.89	0.77	6.09	1.72	2.44
M_surface_7_m2_242	27.17	14.05	17.09	21.64	10.63	50.23	20.08	59.75	25.19	0.30	57.24	0.37	48.37	18.41	6.34	9.45	15.56	5.48	4.09	40.37	50.81	53.78	52.71	83.09
K_DeepCast_35m_m2_065	20.24	14.03	17.26	16.27	12.91	14.63	70.88	13.79	3.28	54.77	8.73	77.16	8.12	18.25	14.08	17.74	9.70	68.26	30.51	9.08	7.68	6.88	12.79	13.75
M_surface_7_m1_304	14.10	13.96	11.78	13.64	10.12	30.87	11.86	38.08	16.20	3.78	19.46	4.97	18.43	28.36	15.80	17.88	25.79	11.93	9.53	32.46	10.35	33.66	28.49	24.92
M_DeepCast_400m_m1_009	0.10	13.69	0.30	4.11	12.15	0.00	0.00	0.00	0.00	0.00	0.00	0.00	0.00	0.03	1.59	20.96	0.00	0.00	0.01	0.00	0.00	0.01	0.00	0.01
K_DeepCast_100m_m1_278	17.99	13.59	15.41	13.13	15.84	0.00	0.07	0.00	0.00	0.04	0.00	0.00	0.00	4.91	18.08	14.80	0.00	0.01	2.49	0.00	0.00	0.00	0.00	0.00
K_DeepCast_150m_m1_388	17.58	13.53	23.80	19.96	18.43	0.01	0.04	0.01	0.00	0.03	0.00	0.02	0.01	4.31	27.97	24.18	0.01	0.02	0.65	0.02	0.02	0.07	0.01	0.02
K_Offshore_0m_m2_072	7.93	13.40	11.47	10.15	8.31	20.80	7.93	33.71	25.86	0.19	21.62	0.52	25.83	16.10	7.16	8.44	17.05	6.38	4.99	26.78	5.37	16.21	13.38	13.06
M_surface_9_m2_109	7.86	13.06	9.26	10.55	8.45	14.65	8.16	28.51	11.61	4.82	13.85	6.71	10.28	23.14	9.72	18.18	23.10	12.30	9.71	25.67	12.23	17.13	23.37	25.18
K_DeepCast_150m_m1_199	27.48	12.91	24.63	12.66	15.90	0.01	0.10	0.00	0.00	0.02	0.00	0.00	0.00	9.19	31.14	8.87	0.00	0.01	1.79	0.00	0.00	0.00	0.00	0.00
M_surface_9_m1_282	24.75	12.89	16.76	19.48	12.26	44.57	17.88	45.43	13.84	0.55	29.18	0.51	25.03	14.82	7.07	9.75	13.28	5.84	4.74	21.43	34.77	26.71	21.61	46.38
M_DeepCast_400m_m1_328	1.36	12.56	3.21	4.19	7.99	1.41	1.42	0.94	0.12	0.13	0.18	0.20	0.15	0.36	0.95	17.28	0.19	0.39	0.50	1.62	0.74	0.30	0.25	0.31
K_Offshore_80m_m1_186	13.11	12.46	11.54	9.74	10.52	0.73	66.61	0.34	1.40	53.14	1.69	78.17	1.39	13.40	16.50	16.41	1.77	59.43	15.26	0.22	0.18	0.25	0.43	0.18
M_surface_9_m1_241	11.25	12.34	11.25	12.41	6.78	25.20	10.96	34.47	14.75	0.27	19.84	0.36	16.19	17.83	7.24	10.85	19.65	8.45	6.95	25.07	11.10	20.55	24.58	21.75
K_DeepCast_1200m_m2_204	0.53	12.34	0.92	5.24	8.94	0.00	0.00	0.00	0.00	0.00	0.00	0.00	0.00	0.14	3.03	9.20	0.00	0.00	0.04	0.00	0.00	0.00	0.00	0.00
K_DeepCast_1200m_m2_005	7.18	12.31	8.66	9.93	12.34	0.00	0.02	0.00	0.00	0.01	0.00	0.00	0.00	2.15	12.88	12.34	0.00	0.00	0.49	0.00	0.00	0.00	0.00	0.00
K_Offshore_surface_mx_256	13.58	12.28	14.58	13.22	10.40	29.41	9.95	31.98	33.60	2.49	31.60	2.46	53.78	17.49	13.29	11.64	15.26	7.68	6.09	22.10	10.62	15.03	12.72	13.28
K_DeepCast_250m_m2_101	36.85	12.04	23.52	6.95	13.79	0.08	7.19	0.04	0.02	6.97	0.03	1.08	0.04	14.38	17.05	6.02	0.03	1.17	58.75	0.04	0.03	0.06	0.04	0.03
M_surface_7_m2_191	16.81	11.87	12.83	14.05	9.23	29.78	11.62	36.07	19.10	0.41	31.48	0.74	25.72	13.28	5.62	8.07	13.66	5.76	4.71	29.43	17.24	25.82	29.86	25.13
K_DeepCast_35m_m2_271	7.68	11.84	7.48	9.35	8.10	17.33	5.63	25.82	15.28	1.17	16.84	1.96	13.67	20.47	10.74	17.36	17.67	8.00	6.15	15.59	5.73	11.47	15.27	14.04
K_DeepCast_65m_m1_223	10.57	11.65	10.40	7.73	8.87	6.84	29.61	7.69	4.01	63.10	7.38	74.71	4.76	11.47	7.57	10.37	5.59	45.33	28.17	3.50	2.45	2.56	4.71	3.97
M_surface_9_m2_088	19.01	11.60	16.95	21.61	8.65	32.00	16.99	36.15	2.23	0.07	2.76	0.12	2.45	26.90	12.30	20.12	29.73	12.76	9.28	95.40	170.76	85.03	76.14	232.02
K_Offshore_80m_m2_107	8.08	11.41	8.22	5.39	7.55	2.40	25.00	2.27	0.46	44.78	0.87	55.48	0.64	10.71	9.91	9.59	3.11	39.10	20.78	0.77	0.57	0.55	1.12	1.22
K_Offshore_40m_m1_237	11.76	10.94	9.80	10.65	7.25	23.32	7.58	29.18	31.87	1.70	44.94	1.94	36.94	16.83	7.65	9.96	16.53	7.77	6.09	23.79	16.43	23.10	21.70	25.98
K_DeepCast_150m_m2_164	16.80	10.88	16.05	14.82	18.19	0.02	0.31	0.01	0.01	0.32	0.01	0.21	0.01	4.65	20.06	10.12	0.01	0.25	4.19	0.02	0.03	0.06	0.02	0.02
K_DeepCast_150m_m2_257	7.01	10.82	8.56	11.95	12.92	0.00	0.03	0.00	0.00	0.02	0.00	0.02	0.00	1.96	12.85	14.38	0.00	0.01	0.45	0.01	0.01	0.02	0.01	0.00
M_DeepCast_400m_m2_020	2.27	10.75	5.01	13.28	15.07	0.00	0.03	0.00	0.00	0.02	0.00	0.01	0.00	0.40	12.17	22.61	0.00	0.02	0.04	0.01	0.00	0.01	0.00	0.00
M_DeepCast_50m_m2_146	8.52	10.64	11.24	9.10	7.97	6.69	33.77	5.01	1.89	9.69	4.75	11.25	3.48	10.22	7.16	10.36	4.75	48.60	12.18	3.17	1.75	2.77	4.69	4.62
K_DeepCast_35m_m1_027	11.54	10.62	8.51	11.42	8.08	21.76	7.91	30.76	1.78	1.22	3.10	1.25	3.81	1.89	0.95	1.24	1.87	0.80	0.68	2.77	5.08	2.14	2.34	3.09
K_Offshore_120m_m2_037	5.33	10.59	5.65	3.73	6.45	0.16	25.11	0.05	0.02	30.68	0.17	36.36	0.04	4.39	4.00	6.08	0.43	27.26	16.21	0.03	0.04	0.03	0.04	0.04
M_DeepCast_100m_mx_191	5.40	10.57	6.48	9.83	11.49	0.02	0.02	0.02	0.01	0.01	0.01	0.01	0.01	1.78	11.52	13.20	0.01	0.01	0.18	0.01	0.01	0.01	0.01	0.01
K_Offshore_0m_mx_046	13.00	10.53	11.17	13.40	7.82	28.10	11.42	27.88	3.51	0.46	7.07	0.29	5.63	18.50	7.62	11.85	18.26	9.34	6.06	25.44	19.79	27.77	26.04	40.65
K_DeepCast_250m_m2_195	8.05	10.51	9.55	12.52	11.37	0.00	0.01	0.00	0.00	0.01	0.00	0.00	0.00	1.96	13.56	12.68	0.00	0.00	0.24	0.00	0.00	0.00	0.00	0.00
M_DeepCast_50m_m2_169	5.25	10.45	8.78	4.37	5.39	0.80	19.47	0.52	0.19	45.39	0.68	40.45	0.43	9.31	7.09	7.78	1.37	63.63	13.62	0.50	1.23	0.36	0.58	1.35
M_DeepCast_50m_m2_245	5.52	10.40	8.37	6.97	5.98	0.38	54.06	0.26	0.04	23.28	0.09	7.92	0.07	10.59	8.18	11.04	1.51	72.72	36.05	0.96	0.19	0.95	0.84	0.83
M_surface_10_m2_064	12.79	10.34	11.00	12.72	6.42	18.72	9.19	30.27	21.32	0.13	46.98	0.20	35.54	46.23	19.74	25.85	49.43	19.14	11.96	83.46	92.73	70.47	75.90	174.02
M_DeepCast_400m_m2_351	3.42	10.34	4.81	10.06	10.53	0.00	0.01	0.00	0.00	0.03	0.00	0.03	0.00	0.79	11.77	12.79	0.00	0.02	0.13	0.00	0.00	0.00	0.00	0.00
K_DeepCast_35m_m1_012	10.96	10.25	7.51	8.86	6.88	28.41	6.50	28.09	2.69	0.90	5.36	1.57	4.89	4.52	2.60	2.20	3.43	1.27	0.76	5.16	11.44	5.02	6.01	4.98
M_DeepCast_65m_mx_099	47.82	10.24	19.44	6.66	10.29	3.25	7.08	4.03	2.57	8.11	3.26	6.36	2.66	17.98	11.45	7.56	2.26	4.59	62.03	2.17	1.62	1.98	2.53	1.59
M_DeepCast_65m_m1_284	39.10	10.11	12.43	4.23	8.84	0.07	30.71	0.01	0.01	18.87	0.02	2.96	0.01	16.53	10.62	6.44	0.07	0.92	126.13	0.01	0.01	0.02	0.02	0.01
K_DeepCast_150m_m2_040	22.53	10.09	22.86	16.82	14.71	0.01	0.07	0.01	0.00	0.03	0.00	0.03	0.01	5.87	27.85	15.51	0.01	0.02	1.12	0.01	0.01	0.04	0.01	0.01
M_DeepCast_50m_m1_244	5.63	9.97	6.02	3.49	6.42	0.13	24.83	0.04	0.02	29.01	0.11	24.80	0.02	6.08	4.96	5.79	0.56	30.89	16.24	0.03	0.07	0.06	0.05	0.03
K_DeepCast_150m_m2_098	21.10	9.92	19.62	7.77	13.32	0.01	0.15	0.00	0.00	0.10	0.00	0.02	0.00	11.10	19.09	6.47	0.00	0.02	3.19	0.01	0.00	0.01	0.01	0.00
K_Offshore_40m_m2_124	8.55	9.92	8.75	12.30	7.76	17.65	6.93	21.83	20.45	6.26	34.82	16.06	24.03	18.77	8.90	19.03	22.65	9.48	7.55	27.91	17.15	24.15	34.06	32.74
K_Offshore_80m_m2_228	4.18	9.77	6.04	3.94	6.92	1.45	16.48	1.38	0.50	27.14	0.76	40.39	0.52	6.78	5.65	6.86	2.07	27.17	11.40	0.47	0.36	0.29	0.67	0.61
K_DeepCast_1200m_m1_317	0.10	9.51	0.24	0.85	2.76	0.06	0.02	0.04	0.02	0.00	0.02	0.00	0.02	0.03	0.75	5.88	0.02	0.01	0.02	0.01	0.01	0.03	0.01	0.02
K_DeepCast_150m_m1_015	6.51	9.49	8.40	9.68	10.49	0.00	0.01	0.00	0.00	0.00	0.00	0.00	0.00	1.61	12.05	11.35	0.00	0.00	0.20	0.00	0.00	0.00	0.00	0.00
K_DeepCast_250m_m1_352	9.49	9.49	10.16	16.08	13.23	0.01	0.13	0.01	0.01	0.17	0.01	0.19	0.01	1.87	21.87	18.99	0.01	0.10	0.42	0.01	0.01	0.02	0.01	0.01
M_DeepCast_200m_m1_298	12.72	9.45	13.64	24.30	16.68	0.01	0.01	0.00	0.00	0.02	0.00	0.01	0.01	2.29	37.00	28.14	0.00	0.00	0.20	0.00	0.00	0.02	0.00	0.00
M_DeepCast_400m_m2_048	1.42	9.31	3.42	11.89	12.27	0.01	0.15	0.00	0.01	0.23	0.01	0.22	0.01	0.31	15.89	22.50	0.01	0.18	0.13	0.01	0.01	0.01	0.01	0.01
K_DeepCast_250m_m1_105	1.30	9.21	2.33	13.08	13.42	0.01	0.01	0.00	0.00	0.01	0.01	0.00	0.01	0.22	12.21	18.74	0.00	0.00	0.03	0.00	0.01	0.01	0.00	0.00
K_DeepCast_250m_m1_172	0.40	9.20	1.77	13.07	14.93	0.00	0.00	0.00	0.00	0.00	0.00	0.00	0.00	0.09	11.23	19.39	0.00	0.00	0.04	0.00	0.00	0.00	0.00	0.00
M_surface_9_m1_271	16.72	9.18	11.77	16.32	7.76	27.19	14.77	32.34	11.06	2.49	17.65	3.32	20.96	10.29	5.29	7.62	10.19	6.76	4.25	25.71	29.26	26.14	25.97	39.04
K_DeepCast_150m_m2_127	3.53	9.15	9.33	12.08	10.04	0.01	0.03	0.01	0.01	0.03	0.01	0.03	0.01	0.78	22.95	14.87	0.01	0.02	0.18	0.01	0.01	0.01	0.01	0.00
K_Offshore_surface_m2_239	9.56	9.08	8.72	8.62	6.02	22.89	7.07	24.75	18.61	0.55	17.79	1.26	34.81	9.33	4.16	4.10	9.28	3.42	2.60	14.16	3.32	8.15	6.27	7.46
K_Offshore_80m_m1_178	7.49	9.06	6.76	4.24	7.23	0.63	25.93	0.55	0.43	42.17	0.64	40.87	0.51	7.30	5.73	6.70	1.11	36.59	22.15	0.42	0.38	0.48	0.55	0.53
K_DeepCast_150m_m2_097	21.56	9.06	16.61	8.73	10.70	0.00	0.08	0.00	0.00	0.04	0.00	0.00	0.00	7.37	13.14	8.28	0.00	0.00	2.32	0.00	0.00	0.00	0.00	0.00
K_DeepCast_250m_m1_330	3.02	9.05	6.72	12.74	9.83	0.01	0.09	0.01	0.00	0.12	0.01	0.10	0.01	0.63	19.19	14.61	0.01	0.10	0.20	0.01	0.01	0.01	0.01	0.01
K_DeepCast_150m_m2_307	8.70	8.97	11.27	10.02	12.99	0.00	0.01	0.00	0.00	0.00	0.00	0.00	0.00	1.64	17.30	14.86	0.00	0.00	0.18	0.00	0.01	0.01	0.00	0.00
K_Offshore_40m_m2_103	9.25	8.85	9.01	9.58	5.80	24.78	7.88	19.82	27.30	0.17	43.49	0.21	21.70	10.44	3.73	4.78	9.10	3.83	1.92	7.50	1.99	11.49	9.74	2.55
K_Offshore_80m_m1_195	10.10	8.51	10.05	8.10	7.97	10.24	15.67	8.45	4.30	18.28	7.71	33.40	10.61	9.04	11.15	12.14	6.82	17.34	14.03	2.95	0.73	1.90	4.44	1.83
K_Offshore_40m_m2_287	13.87	8.43	9.37	11.02	6.10	21.38	8.86	22.79	13.42	0.28	20.15	0.70	15.04	9.77	4.87	7.25	11.22	5.01	3.59	19.20	16.14	16.21	24.00	18.23
K_DeepCast_250m_m1_364	3.07	8.38	5.69	15.80	14.86	0.01	0.01	0.00	0.00	0.00	0.01	0.00	0.01	0.96	12.56	16.01	0.00	0.02	0.15	0.01	0.00	0.01	0.02	0.01
M_DeepCast_400m_m2_266	0.54	8.37	1.27	6.44	8.87	0.03	0.04	0.01	0.00	0.03	0.02	0.05	0.02	0.13	4.48	11.84	0.01	0.01	0.04	0.00	0.01	0.02	0.01	0.01
M_DeepCast_50m_m2_111	5.41	8.35	5.26	3.22	4.68	0.31	24.63	0.31	0.11	41.27	0.23	25.00	0.14	6.81	5.84	5.62	0.79	31.83	18.53	0.19	0.16	0.15	0.22	0.25
K_DeepCast_100m_m2_328	92.45	8.28	25.69	6.60	9.31	0.01	1.07	0.00	0.00	1.33	0.00	0.07	0.00	27.83	17.30	6.44	0.00	0.05	34.57	0.00	0.00	0.00	0.00	0.00
M_DeepCast_400m_m2_235	9.42	8.26	8.25	13.10	11.41	0.10	0.23	0.11	0.06	0.34	0.09	0.31	0.07	2.52	15.51	29.06	0.09	0.25	0.36	0.09	0.06	0.13	0.11	0.07
K_Offshore_surface_m2_014	5.49	8.21	7.73	7.38	5.87	14.49	5.12	18.37	14.98	4.51	19.98	8.77	34.40	9.37	5.10	9.95	11.18	8.85	6.82	19.49	3.02	9.73	17.43	9.19
K_Offshore_80m_m2_053	4.74	8.20	4.98	3.86	5.33	1.89	20.06	1.83	0.55	37.64	0.97	37.93	0.71	6.93	5.84	6.65	1.90	26.80	17.58	0.73	0.54	0.57	1.03	1.12
K_DeepCast_250m_m1_236	2.83	8.15	6.61	15.87	11.58	0.00	0.22	0.00	0.00	0.40	0.00	0.09	0.00	0.67	15.02	13.62	0.00	0.38	0.40	0.00	0.00	0.01	0.00	0.00
M_DeepCast_400m_m2_183	0.63	8.13	1.43	10.66	14.92	0.00	0.00	0.00	0.00	0.00	0.00	0.00	0.00	0.16	7.73	16.71	0.00	0.00	0.07	0.00	0.00	0.00	0.00	0.00
M_DeepCast_400m_m2_122	0.33	8.13	0.99	9.72	11.98	0.00	0.00	0.00	0.00	0.00	0.00	0.00	0.00	0.07	6.70	15.92	0.00	0.00	0.02	0.00	0.00	0.00	0.00	0.00
K_Offshore_80m_m2_006	9.71	7.98	8.03	8.20	7.18	9.23	10.57	8.05	8.56	40.65	10.75	73.49	9.23	13.10	14.26	16.90	11.69	12.40	7.70	11.80	3.29	11.62	20.58	8.19
K_Offshore_80m_m2_187	4.78	7.97	4.93	4.39	5.45	3.62	15.65	4.89	1.04	18.77	1.52	26.50	1.13	6.87	5.14	6.64	3.52	17.96	10.69	1.27	0.68	0.88	2.18	1.54
K_DeepCast_35m_m2_130	13.66	7.96	10.28	12.45	6.62	21.55	9.12	25.70	8.56	0.14	15.12	0.26	15.19	9.35	4.79	5.88	7.67	3.37	2.58	7.02	4.19	7.01	7.23	8.72
M_DeepCast_200m_m2_189	3.02	7.96	5.26	20.31	14.36	0.00	0.01	0.00	0.00	0.01	0.00	0.00	0.00	0.78	29.96	22.11	0.00	0.00	0.22	0.00	0.00	0.00	0.00	0.00
K_DeepCast_65m_m1_022	8.25	7.95	5.97	4.07	5.08	2.31	20.91	2.27	1.33	31.38	1.61	29.29	1.53	7.60	6.15	6.97	3.95	20.15	17.94	1.18	0.77	0.91	2.11	1.44
K_Offshore_40m_m1_268	4.43	7.95	7.17	8.01	6.78	12.88	8.31	15.72	13.64	13.77	19.05	16.99	11.82	12.20	5.48	11.87	13.48	11.99	6.41	10.53	3.27	8.83	10.63	11.22
M_DeepCast_50m_m2_189	5.30	7.94	5.56	3.23	4.14	0.24	19.69	0.14	0.08	20.44	0.21	21.51	0.13	4.84	4.66	5.27	0.46	28.47	17.31	0.14	0.17	0.14	0.19	0.20
K_DeepCast_35m_m2_204	10.52	7.92	6.13	7.21	5.61	24.23	5.05	28.15	4.25	1.22	7.57	1.83	5.97	10.69	3.95	5.99	8.90	3.27	1.98	12.63	8.98	10.19	13.62	8.11
K_DeepCast_300m_m2_067	0.86	7.90	2.30	8.73	10.85	0.00	0.00	0.00	0.00	0.00	0.00	0.00	0.00	0.30	9.20	9.77	0.00	0.00	0.04	0.00	0.00	0.00	0.00	0.00
K_Offshore_80m_m2_115	4.24	7.90	4.80	4.01	5.67	2.31	16.40	2.60	0.52	25.76	1.05	35.34	0.67	5.70	4.67	6.08	2.25	23.37	9.75	0.54	0.54	0.36	1.03	1.03
M_DeepCast_200m_m2_025	5.66	7.85	7.74	8.00	10.29	0.02	0.09	0.01	0.01	0.09	0.01	0.08	0.02	1.26	12.69	6.01	0.01	0.07	0.68	0.02	0.02	0.05	0.02	0.02
K_Offshore_120m_mx_222	8.09	7.79	7.37	3.31	5.70	0.72	16.17	0.60	0.33	28.28	0.55	19.29	0.51	5.66	7.22	4.54	0.73	18.92	15.85	0.33	0.31	0.31	0.39	0.35
K_DeepCast_250m_m2_027	3.95	7.77	7.98	14.15	14.47	0.00	0.02	0.00	0.00	0.01	0.00	0.00	0.00	1.23	17.83	16.86	0.00	0.00	0.21	0.00	0.00	0.00	0.00	0.00
K_DeepCast_250m_m2_056	8.94	7.71	6.36	18.21	12.64	0.01	0.03	0.01	0.02	0.04	0.02	0.03	0.01	2.07	17.38	12.95	0.01	0.02	0.05	0.03	0.02	0.07	0.02	0.02
K_Offshore_80m_m2_226	5.37	7.67	5.76	6.83	5.42	11.18	6.00	13.80	7.95	13.85	12.26	24.64	7.34	10.26	3.84	9.68	12.17	8.42	5.34	11.77	5.88	9.82	13.70	10.90
M_surface_9_m1_009	10.70	7.65	7.60	10.84	6.31	23.31	6.29	24.37	18.11	2.39	31.61	4.74	24.51	18.50	5.67	14.06	18.30	7.32	5.07	25.93	26.20	25.69	31.21	30.54
K_DeepCast_35m_m2_150	10.31	7.54	10.35	9.46	6.94	27.16	6.90	19.37	10.88	1.05	11.52	0.96	22.77	12.71	12.75	10.46	8.68	6.18	5.18	9.94	1.97	7.96	8.57	4.24
K_DeepCast_65m_m2_187	7.41	7.44	4.41	3.47	4.12	0.05	45.32	0.00	0.00	14.00	0.00	0.44	0.00	4.32	3.44	3.33	0.04	20.95	18.98	0.00	0.00	0.00	0.00	0.00
K_DeepCast_300m_mx_218	3.57	7.39	4.55	6.19	9.09	2.56	1.86	2.52	1.37	1.60	1.91	1.77	2.12	2.38	7.92	6.68	1.53	1.81	1.41	1.89	1.63	1.75	1.43	1.72
K_Offshore_120m_m1_041	5.11	7.27	5.84	3.03	4.08	0.63	21.75	0.49	0.26	53.96	1.36	28.90	0.69	5.04	3.99	5.08	0.68	34.87	12.90	0.26	0.56	0.19	0.31	0.45
K_Offshore_80m_m2_123	5.00	7.26	5.10	3.29	6.03	1.17	14.35	0.93	0.33	22.56	0.59	25.65	0.42	4.78	3.83	4.55	1.00	15.87	13.86	0.32	0.31	0.30	0.47	0.50
K_Offshore_surface_m2_010	7.64	7.13	6.73	9.24	5.62	14.69	5.61	18.17	12.71	0.90	20.65	2.21	22.47	9.15	4.06	9.00	11.51	4.43	3.24	18.13	11.73	14.52	23.49	15.85
M_DeepCast_400m_m2_293	1.13	7.11	2.59	6.64	8.52	0.00	0.01	0.00	0.00	0.01	0.00	0.01	0.00	0.25	6.35	12.63	0.00	0.01	0.10	0.00	0.00	0.01	0.00	0.00
K_Offshore_120m_m1_009	4.12	7.01	4.41	3.42	4.45	0.59	19.13	0.43	0.15	34.76	0.63	34.02	0.33	4.94	2.97	5.87	0.90	35.81	20.09	0.26	0.50	0.15	0.38	0.72
M_DeepCast_400m_m2_303	1.86	6.98	5.89	7.89	10.33	0.00	0.02	0.00	0.00	0.01	0.00	0.00	0.00	0.48	11.81	11.95	0.00	0.00	0.13	0.01	0.00	0.02	0.00	0.00
M_DeepCast_400m_m2_100	16.76	6.97	10.80	7.95	10.39	0.01	0.04	0.01	0.01	0.02	0.01	0.02	0.01	3.82	12.61	14.37	0.01	0.02	0.42	0.01	0.01	0.02	0.01	0.01
M_DeepCast_400m_m2_096	7.86	6.93	7.25	7.48	10.20	0.00	0.03	0.00	0.00	0.03	0.00	0.00	0.00	3.39	11.95	12.76	0.00	0.01	0.67	0.00	0.00	0.00	0.00	0.00
K_DeepCast_65m_m2_033	4.90	6.79	5.44	3.21	4.05	0.07	20.89	0.05	0.06	22.12	0.10	26.82	0.06	3.70	3.90	3.17	0.24	21.52	5.47	0.05	0.03	0.03	0.03	0.03
M_DeepCast_400m_m2_277	0.15	6.74	0.44	6.43	10.85	0.00	0.00	0.00	0.00	0.00	0.00	0.00	0.00	0.04	4.75	13.18	0.00	0.00	0.02	0.00	0.00	0.00	0.00	0.00
K_Offshore_120m_m2_196	4.68	6.68	4.37	3.53	4.27	2.90	17.21	2.94	1.51	62.10	1.41	49.90	1.55	12.22	10.19	10.79	5.47	32.76	15.96	1.44	0.53	0.65	2.68	1.11
K_DeepCast_100m_m2_203	52.80	6.63	15.42	4.43	6.93	0.01	0.25	0.00	0.00	0.59	0.00	0.03	0.01	14.31	11.34	4.00	0.00	0.02	19.09	0.01	0.02	0.03	0.01	0.00
K_DeepCast_65m_m1_055	5.44	6.62	5.27	3.87	4.12	0.92	26.95	0.60	0.20	23.32	0.37	22.60	0.29	11.75	15.64	12.61	4.05	27.07	15.39	0.29	0.16	0.18	0.60	0.24
K_DeepCast_35m_m1_077	7.40	6.58	6.24	7.21	4.63	13.75	7.72	14.08	6.54	6.29	10.04	8.09	7.72	8.90	4.81	6.97	8.85	7.33	4.25	10.76	8.22	8.81	12.73	13.09
K_Offshore_120m_m2_058	3.40	6.52	4.89	3.67	3.60	0.51	29.17	0.45	0.34	57.07	0.52	22.77	0.39	5.41	6.16	5.85	0.59	33.74	12.22	0.42	0.27	0.50	0.48	0.31
M_surface_9_m1_017	9.33	6.45	6.73	8.80	5.36	19.27	5.56	21.25	12.76	1.99	21.68	4.34	15.93	15.03	4.88	11.04	14.98	5.78	3.88	20.85	20.32	20.48	23.34	23.66
K_DeepCast_250m_mx_219	4.51	6.42	8.92	10.05	8.55	0.01	0.02	0.00	0.00	0.03	0.48	0.16	0.09	1.28	11.20	7.55	0.21	0.07	0.41	0.05	0.02	0.24	0.12	0.13
M_DeepCast_65m_m1_070	21.62	6.39	8.71	3.14	5.50	0.54	11.85	0.43	0.21	18.08	0.67	15.19	0.46	11.04	6.64	5.70	1.25	12.81	21.09	0.34	0.91	0.54	0.72	0.72
K_DeepCast_250m_m2_015	3.03	6.31	5.12	9.18	9.55	0.00	0.01	0.00	0.00	0.06	0.00	0.04	0.00	0.64	10.36	10.09	0.00	0.03	0.08	0.00	0.00	0.01	0.00	0.00
M_DeepCast_200m_m2_052	1.43	6.31	3.12	10.19	9.57	0.00	0.00	0.00	0.00	0.00	0.00	0.00	0.00	0.33	14.66	9.43	0.00	0.00	0.05	0.00	0.00	0.00	0.00	0.00
K_Offshore_surface_m2_020	9.50	6.27	5.77	6.79	7.41	11.39	7.38	28.14	8.79	1.26	5.67	3.67	70.21	1.73	1.08	3.41	4.67	1.41	0.95	18.98	19.37	17.21	20.53	14.50
K_DeepCast_300m_m1_220	2.51	6.25	2.95	4.25	6.62	1.18	1.67	1.49	0.89	5.65	1.31	2.34	2.56	1.79	5.93	6.19	0.62	2.77	1.13	1.15	1.62	1.00	1.08	1.03
K_DeepCast_35m_m2_009	7.50	6.17	6.40	7.97	5.30	22.40	6.95	14.21	6.03	3.47	8.12	4.66	5.46	4.82	3.35	4.31	5.18	2.81	2.31	3.35	1.01	2.12	3.48	2.03
K_DeepCast_150m_m1_051	8.36	6.12	8.48	5.74	6.81	0.00	0.03	0.00	0.00	0.01	0.00	0.00	0.00	2.33	7.88	5.57	0.00	0.00	0.75	0.00	0.00	0.00	0.00	0.00
K_Offshore_80m_m2_128	2.72	6.10	3.98	2.52	3.52	0.65	19.41	0.60	0.24	16.06	0.37	28.37	0.26	2.73	2.54	2.24	0.72	11.22	4.75	0.31	0.19	0.23	0.38	0.29
K_DeepCast_150m_m2_147	8.65	6.07	11.68	7.02	7.26	0.00	0.06	0.00	0.00	0.05	0.00	0.02	0.00	3.70	11.59	6.46	0.00	0.02	1.92	0.00	0.00	0.01	0.00	0.00
M_DeepCast_65m_mx_150	12.60	6.00	6.41	4.08	4.74	4.52	11.11	6.09	3.81	13.77	4.60	10.72	4.78	9.15	5.86	6.02	3.37	9.92	48.63	4.36	1.54	3.18	3.41	2.69
K_Offshore_80m_m1_189	3.18	5.99	3.79	2.34	4.15	0.20	13.75	0.08	0.03	29.74	0.15	34.32	0.05	3.14	2.56	3.20	0.47	15.65	10.91	0.03	0.11	0.03	0.05	0.04
K_DeepCast_35m_m1_088	6.78	5.98	5.20	6.17	3.71	11.07	3.97	12.46	3.51	0.17	4.89	0.22	3.20	6.27	3.29	3.35	4.92	2.03	1.15	4.04	0.84	5.71	3.14	1.59
K_DeepCast_35m_m1_317	3.67	5.97	3.99	4.71	4.12	8.77	3.48	12.05	5.21	2.48	5.68	4.56	4.64	6.31	3.47	5.74	5.95	3.91	2.66	5.75	1.75	4.67	5.87	3.82
K_DeepCast_250m_m1_044	3.03	5.90	6.11	11.25	9.36	0.00	0.01	0.00	0.00	0.01	0.00	0.01	0.00	0.77	12.53	11.87	0.00	0.01	0.33	0.00	0.01	0.02	0.00	0.00
K_Offshore_surface_m1_194	4.42	5.86	4.19	5.08	3.94	7.87	3.14	15.18	13.03	0.53	13.94	0.83	12.74	11.77	5.22	8.73	10.11	4.57	3.32	9.53	4.68	6.76	9.33	10.55
K_DeepCast_150m_m2_126	7.50	5.85	9.90	4.81	5.66	0.01	0.06	0.01	0.01	0.07	0.01	0.03	0.01	2.71	7.18	6.72	0.01	0.03	1.76	0.03	0.04	0.12	0.03	0.03
K_DeepCast_35m_m1_297	5.39	5.78	5.24	6.10	4.46	11.62	4.03	11.95	4.97	1.45	7.98	3.55	6.07	6.63	3.70	7.08	8.16	3.82	3.03	5.66	2.60	4.63	8.78	5.79
K_DeepCast_250m_m2_062	2.63	5.70	4.02	9.59	9.00	0.00	0.01	0.00	0.00	0.00	0.00	0.00	0.00	0.79	11.17	9.33	0.00	0.00	0.11	0.00	0.00	0.00	0.00	0.00
K_DeepCast_250m_m1_043	5.77	5.69	5.75	13.40	11.08	0.00	0.00	0.00	0.00	0.00	0.00	0.00	0.00	1.04	13.30	13.38	0.00	0.00	0.10	0.00	0.00	0.00	0.00	0.00
K_Offshore_80m_m2_211	5.99	5.69	4.98	3.02	4.40	0.55	20.02	0.36	0.27	24.20	0.58	35.36	0.47	4.12	5.72	3.50	0.51	15.38	9.52	0.19	0.13	0.20	0.28	0.20
K_DeepCast_150m_m2_272	6.38	5.64	8.86	4.70	6.72	0.01	0.07	0.01	0.01	0.05	0.01	0.05	0.01	2.31	10.68	5.57	0.01	0.04	0.94	0.02	0.02	0.05	0.02	0.01
K_DeepCast_35m_m1_007	4.32	5.62	4.35	4.60	4.30	10.15	3.39	15.45	3.75	0.19	4.69	0.28	5.28	3.68	2.13	2.33	3.94	1.70	1.32	3.36	6.86	3.32	3.94	6.05
M_surface_6_mx_051	10.37	5.61	6.38	6.43	4.56	17.82	8.14	16.53	6.25	6.17	14.45	8.16	12.92	10.14	5.05	6.14	8.03	7.11	5.17	14.46	14.30	18.62	16.84	22.19
K_DeepCast_300m_m2_211	1.23	5.58	2.80	4.59	7.73	0.00	0.01	0.00	0.00	0.01	0.00	0.00	0.00	0.62	5.18	4.45	0.00	0.00	0.15	0.00	0.00	0.00	0.00	0.00
K_Offshore_80m_m2_092	2.93	5.56	3.64	2.56	3.92	0.59	11.36	0.41	0.17	23.80	0.43	56.05	0.19	2.63	2.46	2.51	0.81	12.28	2.94	0.24	0.16	0.16	0.31	0.23
M_DeepCast_200m_m2_085	2.41	5.55	1.90	17.35	10.60	0.09	0.08	0.06	0.07	0.10	0.06	0.10	0.12	0.38	30.61	12.77	0.04	0.07	0.15	0.05	0.07	0.08	0.12	0.04
K_Offshore_80m_m2_176	4.68	5.53	4.74	4.31	4.30	3.29	15.82	3.82	2.60	19.01	3.20	35.69	2.57	4.84	3.78	4.88	2.36	15.31	6.43	1.73	0.91	1.66	1.99	1.36
K_DeepCast_100m_mx_141	16.35	5.52	11.18	2.62	6.09	0.09	2.45	0.08	0.06	2.64	0.07	0.45	0.08	6.72	7.48	2.75	0.05	0.40	27.35	0.06	0.05	0.09	0.07	0.06
M_DeepCast_65m_m2_009	9.82	5.50	4.98	4.89	4.52	6.21	8.36	6.54	4.40	5.79	6.78	6.61	4.74	7.12	5.02	5.25	2.72	4.54	58.82	2.97	1.12	2.42	2.52	1.99
M_DeepCast_65m_m1_226	31.38	5.47	10.59	2.92	5.22	0.01	0.35	0.00	0.00	0.59	0.00	0.02	0.00	9.28	5.75	3.02	0.00	0.04	34.71	0.01	0.01	0.01	0.00	0.00
M_DeepCast_400m_m2_153	0.39	5.46	1.11	5.04	6.40	0.00	0.00	0.00	0.00	0.01	0.00	0.00	0.00	0.09	4.97	8.82	0.00	0.01	0.03	0.00	0.00	0.00	0.00	0.00
K_DeepCast_150m_m2_294	5.36	5.37	6.67	5.03	6.34	0.01	0.02	0.02	0.01	0.08	0.02	0.15	0.02	1.57	7.27	5.92	0.02	0.03	0.37	0.02	0.01	0.02	0.04	0.01
M_DeepCast_400m_m2_133	0.42	5.33	1.50	5.01	6.63	0.00	0.00	0.00	0.00	0.00	0.00	0.00	0.00	0.11	3.59	9.06	0.00	0.00	0.06	0.00	0.00	0.00	0.00	0.00
K_Offshore_80m_m1_165	5.87	5.31	5.54	5.10	5.26	6.43	12.75	3.73	1.38	26.62	2.82	65.60	2.45	7.87	8.89	8.37	4.49	14.52	8.25	0.87	0.81	0.64	2.10	1.40
M_DeepCast_400m_m2_269	2.63	5.21	4.10	7.87	8.43	0.00	0.00	0.00	0.00	0.00	0.00	0.00	0.00	0.49	9.60	10.40	0.00	0.00	0.07	0.00	0.00	0.00	0.00	0.00
M_DeepCast_200m_m2_046	1.57	5.14	5.73	11.10	9.29	0.00	0.00	0.00	0.00	0.00	0.00	0.00	0.00	0.33	16.44	5.88	0.00	0.00	0.04	0.00	0.00	0.00	0.00	0.00
K_Offshore_80m_m2_186	2.55	5.10	3.19	2.51	3.62	1.25	11.29	1.43	0.32	17.52	0.66	22.80	0.42	3.59	2.74	3.69	1.28	13.37	8.46	0.35	0.37	0.25	0.63	0.68
K_Offshore_0m_m1_055	6.06	5.06	5.23	6.67	3.06	5.04	3.06	11.19	10.76	0.14	7.41	0.19	8.66	4.28	2.34	2.08	3.28	1.55	0.83	2.26	0.30	2.57	1.43	0.56
K_DeepCast_250m_m1_047	3.43	5.03	4.12	5.46	5.27	0.00	0.00	0.00	0.00	0.00	0.00	0.00	0.00	0.81	6.11	6.04	0.00	0.00	0.10	0.00	0.00	0.00	0.00	0.00
K_Offshore_120m_mx_094	5.65	5.00	4.90	5.04	3.30	10.19	7.88	9.01	2.81	12.39	6.36	2.54	6.88	13.68	5.20	7.18	12.11	20.99	9.26	12.69	11.11	11.33	11.39	14.69
M_surface_10_m2_141	3.60	4.99	3.55	4.37	3.35	7.70	3.07	11.49	6.11	0.28	7.55	0.40	5.42	7.47	3.69	6.38	8.59	3.47	2.98	10.91	4.00	6.26	8.92	7.97
K_DeepCast_65m_m1_133	2.23	4.97	3.85	2.94	2.73	0.27	21.74	0.04	0.02	34.66	0.08	21.37	0.02	3.83	4.34	4.58	0.60	25.09	9.28	0.01	0.02	0.01	0.05	0.02
K_Offshore_40m_mx_120	4.23	4.95	4.26	5.04	3.25	7.70	2.99	13.38	11.55	0.55	12.14	1.12	11.66	6.59	2.72	4.31	6.34	2.51	1.81	8.41	4.42	7.65	7.69	6.68
K_Offshore_40m_mx_227	6.33	4.92	4.86	4.84	3.55	11.68	9.68	10.29	5.10	12.86	11.54	11.87	8.25	9.12	5.38	6.18	7.30	10.85	5.58	10.89	19.31	10.14	10.97	11.73
K_DeepCast_35m_m1_047	7.23	4.87	5.43	7.78	3.78	13.12	3.71	17.78	4.77	0.47	8.05	1.68	7.40	9.21	3.29	7.49	9.09	3.55	2.36	12.52	9.41	11.72	16.84	11.80
M_DeepCast_65m_mx_133	27.02	4.83	9.11	2.98	5.49	0.33	1.75	0.39	0.33	2.99	0.44	0.99	0.38	8.79	5.42	4.53	0.26	0.85	49.31	0.44	0.42	0.95	0.48	0.34
K_DeepCast_65m_m2_035	8.37	4.83	6.14	2.81	4.06	0.14	19.70	0.06	0.09	16.38	0.16	15.44	0.12	4.40	5.62	3.15	0.17	9.25	12.16	0.04	0.04	0.08	0.05	0.03
M_DeepCast_200m_m2_194	3.46	4.76	7.45	7.26	7.39	0.01	0.02	0.01	0.00	0.01	0.01	0.01	0.01	0.78	13.91	8.80	0.01	0.01	0.06	0.01	0.01	0.01	0.01	0.01
M_DeepCast_50m_m2_054	3.28	4.75	2.63	1.82	2.86	0.08	15.28	0.06	0.03	14.27	0.08	6.70	0.06	2.75	1.92	3.46	0.17	17.41	12.36	0.06	0.06	0.07	0.07	0.06
K_DeepCast_65m_m2_251	2.39	4.75	3.06	2.26	2.71	1.32	17.55	1.14	0.50	25.60	0.61	20.41	0.54	5.48	5.22	5.57	3.25	16.00	6.18	0.59	0.46	0.33	1.15	0.98
M_DeepCast_400m_m2_252	3.49	4.72	3.92	4.75	4.76	0.00	0.01	0.00	0.00	0.00	0.00	0.00	0.00	0.81	5.33	5.81	0.00	0.00	0.11	0.00	0.00	0.00	0.00	0.00
K_Offshore_40m_m2_176	5.09	4.67	3.30	3.93	2.99	10.27	3.72	10.88	21.36	0.39	24.28	0.59	31.34	6.28	4.03	3.94	5.70	2.34	2.02	4.87	3.22	5.09	7.11	5.93
M_DeepCast_65m_m2_016	7.52	4.66	5.58	2.94	5.44	0.51	7.95	0.31	0.09	10.76	0.25	11.43	0.40	4.09	5.67	4.73	0.49	11.85	13.24	0.15	0.14	0.09	0.22	0.24
K_DeepCast_150m_m1_356	34.99	4.64	21.20	4.68	6.40	0.03	0.06	0.03	0.02	0.02	0.02	0.01	0.03	5.60	3.75	1.89	0.02	0.02	0.20	0.05	0.04	0.11	0.04	0.03
M_DeepCast_100m_m2_149	3.68	4.64	3.70	4.24	2.95	7.01	3.45	9.78	1.19	3.47	1.59	6.87	1.13	13.22	8.82	11.19	13.20	6.64	6.50	3.60	1.30	2.17	6.55	3.25
K_Offshore_surface_m2_092	5.05	4.62	3.70	4.08	3.11	11.85	2.82	16.56	15.09	0.14	17.19	0.19	17.54	7.24	3.78	3.62	6.75	2.23	1.71	8.14	4.02	8.41	7.18	7.38
K_DeepCast_65m_m2_213	6.10	4.60	4.74	2.35	3.55	0.16	19.40	0.05	0.06	15.86	0.11	11.39	0.15	2.39	4.73	2.37	0.14	12.52	9.41	0.06	0.05	0.07	0.05	0.04
K_Offshore_40m_m2_239	6.15	4.60	4.54	4.88	3.15	11.44	4.59	11.31	19.46	0.99	19.44	0.95	16.85	7.60	5.77	6.16	6.30	3.01	2.67	6.96	4.24	6.12	8.32	7.98
K_DeepCast_35m_m1_037	5.87	4.59	3.76	4.69	3.07	12.03	3.83	12.94	1.29	1.67	2.09	1.25	2.25	1.27	1.06	0.70	1.00	1.14	0.49	1.60	2.76	1.56	1.94	2.74
K_DeepCast_250m_m2_119	1.83	4.55	4.48	8.85	6.89	0.00	0.06	0.00	0.00	0.07	0.00	0.15	0.00	0.57	9.56	7.19	0.01	0.05	0.22	0.01	0.01	0.02	0.01	0.00
M_DeepCast_400m_m1_102	0.49	4.55	1.19	8.82	9.17	0.00	0.01	0.00	0.00	0.00	0.00	0.00	0.00	0.14	7.55	12.16	0.00	0.00	0.03	0.00	0.00	0.00	0.00	0.00
K_DeepCast_65m_m2_066	0.99	4.54	1.95	1.03	3.15	0.05	9.71	0.00	0.00	7.52	0.02	8.31	0.00	2.10	1.96	1.62	0.19	11.71	2.84	0.00	0.01	0.00	0.01	0.00
M_DeepCast_400m_m1_356	0.37	4.53	0.74	3.95	6.16	0.00	0.01	0.01	0.00	0.00	0.00	0.01	0.00	0.09	2.67	9.93	0.00	0.01	0.02	0.00	0.00	0.01	0.00	0.00
K_DeepCast_100m_m1_307	58.29	4.49	12.84	8.17	8.76	0.00	0.06	0.00	0.00	0.02	0.00	0.01	0.00	17.89	14.05	7.70	0.00	0.01	0.47	0.00	0.01	0.02	0.00	0.00
M_DeepCast_50m_m2_187	2.28	4.46	3.19	2.55	2.58	0.03	17.02	0.01	0.00	35.17	0.02	10.23	0.01	4.65	3.79	5.40	0.22	32.95	8.85	0.02	0.03	0.02	0.01	0.02
M_DeepCast_50m_m2_137	3.70	4.44	4.12	2.75	2.76	0.17	16.13	0.15	0.12	15.89	0.17	11.96	0.12	4.81	5.84	4.68	0.35	22.36	11.86	0.11	0.06	0.16	0.14	0.08
K_Offshore_40m_m1_259	4.00	4.43	3.53	4.14	3.15	6.45	4.52	9.41	7.03	4.17	9.77	7.46	7.66	7.53	3.90	6.35	7.19	5.88	4.69	6.51	3.57	4.69	6.78	6.16
M_surface_7_m1_048	7.24	4.43	5.24	5.48	3.16	9.23	4.57	13.74	11.91	0.46	16.34	1.24	13.50	6.16	2.98	4.26	7.39	3.38	2.71	11.67	10.47	11.01	17.78	14.35
M_DeepCast_400m_m2_340	0.14	4.36	0.33	3.61	5.96	0.00	0.00	0.00	0.00	0.00	0.00	0.00	0.00	0.03	2.42	8.90	0.00	0.00	0.01	0.00	0.00	0.00	0.00	0.00
K_DeepCast_250m_mx_298	1.46	4.36	2.87	8.21	7.21	0.01	0.00	0.00	0.00	0.00	0.24	0.11	0.05	0.39	6.99	9.61	0.13	0.04	0.14	0.03	0.02	0.10	0.09	0.06
K_Offshore_80m_m2_162	2.94	4.34	3.20	2.26	3.37	0.60	10.98	0.67	0.26	15.76	0.45	23.46	0.29	3.07	2.75	3.25	0.80	12.40	8.40	0.33	0.25	0.28	0.44	0.41
M_surface_10_m2_213	5.06	4.32	3.99	4.57	3.38	6.93	6.42	7.80	8.07	6.70	8.51	8.12	7.42	14.92	10.83	13.19	13.16	8.94	6.41	23.51	5.23	21.04	29.88	11.02
K_DeepCast_65m_m1_262	14.49	4.31	4.48	2.10	4.06	0.24	8.15	0.19	0.07	13.07	0.17	9.06	0.11	5.64	3.58	3.43	0.25	6.13	22.36	0.07	0.09	0.08	0.11	0.12
M_DeepCast_200m_mx_060	15.49	4.28	9.27	2.01	4.94	0.03	2.28	0.02	0.01	2.36	0.01	0.44	0.02	5.76	6.03	2.01	0.02	0.49	22.63	0.01	0.01	0.02	0.01	0.01
K_DeepCast_65m_m2_097	7.48	4.24	5.49	2.28	3.44	0.16	17.82	0.08	0.06	13.30	0.12	9.24	0.08	2.56	4.55	2.55	0.19	9.23	12.45	0.08	0.09	0.14	0.12	0.09
K_Offshore_80m_m2_051	2.81	4.24	3.17	2.24	2.98	1.52	7.08	1.78	0.38	13.32	0.55	18.57	0.43	4.27	3.67	4.03	1.75	12.04	8.19	0.62	0.37	0.48	0.87	0.75
K_DeepCast_35m_m1_264	6.07	4.21	5.99	5.25	4.08	14.67	7.01	9.60	3.84	3.41	7.47	6.10	9.14	8.00	7.56	7.24	6.76	4.56	4.01	5.53	3.21	8.74	8.03	6.28
K_Offshore_surface_m1_273	4.02	4.20	3.99	4.43	2.89	8.41	2.85	10.87	9.30	0.25	16.73	0.31	13.61	6.24	2.80	4.04	7.16	2.91	2.38	9.93	4.92	8.38	10.19	7.36
M_DeepCast_50m_m1_274	5.29	4.16	4.04	4.13	3.08	7.14	9.55	7.87	2.99	6.50	6.19	5.49	5.15	5.94	2.84	3.99	3.82	13.69	5.24	6.58	7.44	6.66	7.01	9.81
M_DeepCast_50m_m2_086	1.06	4.12	2.51	1.24	2.72	0.06	9.22	0.04	0.05	10.77	0.07	7.45	0.06	1.72	1.37	1.40	0.13	10.54	3.00	0.02	0.01	0.03	0.04	0.02
M_DeepCast_65m_mx_077	31.89	4.12	8.09	4.30	6.41	0.04	0.68	0.05	0.02	1.27	0.02	0.39	0.02	7.81	6.56	4.59	0.21	0.30	46.00	0.05	0.04	0.07	0.10	0.05
M_DeepCast_400m_m2_225	0.56	4.10	1.23	4.39	5.47	0.00	0.04	0.01	0.00	0.03	0.00	0.03	0.00	0.13	4.31	9.13	0.00	0.02	0.07	0.00	0.00	0.01	0.00	0.00
K_DeepCast_150m_m2_113	18.70	4.07	11.77	3.25	4.88	0.01	0.11	0.01	0.01	0.07	0.01	0.02	0.01	6.65	4.58	3.06	0.01	0.01	3.35	0.01	0.02	0.05	0.01	0.01
M_DeepCast_400m_m2_341	0.31	4.04	0.86	3.08	3.28	0.01	0.07	0.01	0.00	0.12	0.00	0.13	0.00	0.06	3.00	7.03	0.01	0.10	0.05	0.00	0.00	0.01	0.00	0.00
K_Offshore_120m_m2_006	3.28	4.03	2.65	1.55	2.48	0.12	13.58	0.08	0.04	15.49	0.08	11.83	0.05	2.25	2.03	2.30	0.18	11.96	10.90	0.05	0.05	0.12	0.05	0.03
K_Offshore_40m_mx_046	4.89	3.97	4.37	4.96	3.04	8.22	3.79	10.32	12.46	0.65	14.91	0.99	12.91	5.02	2.69	4.27	5.57	2.61	2.05	8.28	5.13	6.79	8.97	7.46
M_DeepCast_400m_m2_325	3.60	3.91	3.01	4.06	5.45	0.00	0.00	0.00	0.00	0.00	0.00	0.00	0.00	0.53	5.09	8.27	0.00	0.00	0.05	0.00	0.00	0.00	0.00	0.00
M_DeepCast_200m_m2_220	0.84	3.90	3.46	7.87	6.55	0.00	0.01	0.00	0.00	0.00	0.00	0.00	0.00	0.16	10.98	7.81	0.00	0.00	0.10	0.00	0.00	0.00	0.00	0.00
K_Offshore_120m_m2_035	8.17	3.89	4.01	3.60	2.96	10.73	6.21	8.05	2.49	21.28	5.65	8.12	5.92	11.18	5.89	5.82	8.14	9.96	4.19	15.36	30.02	13.05	11.91	13.72
K_Offshore_120m_m2_146	3.29	3.88	2.97	2.10	2.54	0.21	14.09	0.25	0.09	19.40	0.18	20.54	0.11	2.55	2.66	2.67	0.41	12.37	6.95	0.11	0.08	0.06	0.22	0.16
M_surface_7_m2_032	5.30	3.86	4.06	4.78	2.49	10.40	2.30	13.93	7.48	1.11	17.85	2.59	12.86	8.14	2.17	5.00	7.66	3.12	1.75	12.11	12.05	12.42	15.29	13.22
M_DeepCast_65m_m1_262	30.79	3.84	7.81	2.77	5.43	0.04	1.18	0.04	0.03	2.21	0.04	0.39	0.04	12.50	5.78	5.99	0.03	0.55	51.98	0.09	0.16	0.44	0.10	0.06
M_DeepCast_65m_m2_155	6.24	3.84	2.95	1.60	2.78	0.09	10.34	0.07	0.03	14.23	0.08	6.96	0.07	3.89	2.50	2.94	0.22	10.55	24.54	0.05	0.05	0.04	0.06	0.06
K_DeepCast_150m_m2_200	13.17	3.82	14.29	3.99	5.91	0.01	0.03	0.00	0.00	0.01	0.00	0.00	0.00	3.00	9.22	3.22	0.00	0.00	0.29	0.01	0.01	0.02	0.01	0.01
K_DeepCast_100m_m2_305	22.59	3.81	9.93	3.09	4.12	0.01	0.07	0.00	0.00	0.08	0.00	0.01	0.00	7.61	7.30	2.94	0.00	0.01	6.80	0.01	0.01	0.03	0.01	0.00
M_DeepCast_200m_mx_231	1.68	3.78	3.40	5.16	4.24	0.00	0.02	0.00	0.00	0.02	0.00	0.02	0.00	0.35	10.28	6.22	0.00	0.01	0.08	0.00	0.00	0.00	0.00	0.00
K_Offshore_80m_m2_191	2.01	3.77	2.42	2.12	2.86	1.38	5.22	1.90	0.36	11.18	0.63	21.54	0.48	2.90	2.57	3.47	1.66	7.90	3.29	0.28	0.23	0.21	0.70	0.40
M_DeepCast_100m_m2_010	4.60	3.73	3.06	3.27	2.53	7.35	4.69	8.48	3.69	10.75	2.94	10.97	3.54	16.62	10.02	11.05	12.16	10.96	8.08	3.96	0.81	1.70	7.55	2.59
K_Offshore_120m_m2_043	1.52	3.72	2.10	1.44	2.51	0.57	7.69	0.67	0.17	14.26	0.29	11.22	0.22	2.84	2.16	2.51	0.82	11.43	6.38	0.33	0.25	0.30	0.40	0.38
M_DeepCast_65m_m2_266	18.10	3.72	4.61	1.99	3.61	0.12	4.60	0.13	0.07	8.24	0.12	3.17	0.09	6.19	3.22	2.85	0.14	2.74	24.42	0.07	0.07	0.08	0.09	0.09
K_DeepCast_150m_m2_049	36.31	3.71	17.81	10.14	7.11	0.02	0.02	0.03	0.01	0.00	0.02	0.00	0.02	7.45	21.17	6.28	0.01	0.01	0.67	0.02	0.04	0.03	0.02	0.05
M_surface_9_m2_137	5.37	3.68	3.26	3.75	2.84	13.50	2.85	10.99	3.00	0.82	4.33	0.88	5.28	7.11	3.46	4.11	5.50	2.21	1.46	9.19	13.50	6.60	6.19	14.65
K_DeepCast_0m_m2_115	5.73	3.67	3.60	4.84	2.44	5.48	3.48	14.42	1.61	0.08	2.48	0.12	2.58	5.24	1.49	1.81	3.55	1.53	0.78	4.60	3.41	5.53	5.48	6.49
K_Offshore_surface_mx_261	5.07	3.65	4.34	4.90	2.72	11.17	5.13	9.63	1.99	0.99	4.71	0.78	4.33	8.43	3.65	5.30	7.89	5.55	3.17	11.44	10.01	14.47	11.71	17.22
K_Offshore_80m_m2_056	2.66	3.64	3.26	1.92	2.78	0.85	6.60	0.53	0.19	11.81	0.45	14.74	0.35	2.46	2.22	3.36	0.88	11.86	9.38	0.24	0.21	0.49	0.46	0.29
K_Offshore_80m_m2_218	2.74	3.63	2.70	1.83	2.57	0.08	11.38	0.01	0.00	14.33	0.07	19.36	0.01	1.73	2.05	2.06	0.15	8.68	5.45	0.01	0.03	0.01	0.01	0.01
K_DeepCast_150m_m2_071	19.23	3.62	11.54	2.74	3.63	0.01	0.12	0.01	0.01	0.16	0.01	0.02	0.01	6.54	6.74	2.92	0.01	0.03	3.40	0.01	0.01	0.04	0.02	0.01
K_Offshore_80m_m2_102	3.29	3.61	3.00	2.54	2.93	1.90	5.32	1.06	0.32	21.28	0.55	40.40	0.34	3.71	4.17	4.23	1.88	7.68	3.48	0.38	0.24	0.29	0.70	0.36
K_DeepCast_100m_m1_149	33.14	3.53	12.80	3.53	4.42	0.01	0.23	0.00	0.00	0.34	0.00	0.18	0.00	6.03	5.01	2.48	0.00	0.30	1.22	0.00	0.02	0.02	0.00	0.01
K_Offshore_120m_m2_141	2.53	3.42	2.71	1.76	2.49	0.69	9.15	0.68	0.33	18.20	0.52	21.96	0.41	2.97	2.36	2.54	0.84	12.05	6.51	0.33	0.25	0.29	0.42	0.35
K_Offshore_40m_m2_104	3.77	3.40	3.10	3.42	2.23	6.35	3.39	7.80	41.18	2.06	44.62	3.12	44.05	4.48	3.61	3.22	4.28	2.49	2.36	3.45	3.40	4.22	5.94	3.57
K_DeepCast_100m_m2_268	30.85	3.37	7.25	3.61	5.67	0.03	0.31	0.03	0.02	0.40	0.03	0.24	0.03	5.79	4.15	3.32	0.03	0.20	25.40	0.05	0.06	0.11	0.05	0.03
M_DeepCast_50m_m2_233	3.09	3.36	1.97	1.26	1.70	0.01	11.11	0.00	0.00	2.53	0.00	0.66	0.00	1.96	1.18	2.18	0.07	15.63	9.05	0.01	0.01	0.01	0.01	0.01
K_Offshore_80m_m2_041	3.90	3.36	3.15	2.97	3.12	1.98	6.85	2.24	2.94	13.87	3.77	23.88	3.01	2.95	3.46	3.32	1.47	6.49	5.14	1.28	0.63	1.15	1.58	0.93
K_Offshore_80m_m2_194	1.46	3.32	1.95	1.30	2.21	0.29	7.38	0.23	0.12	15.59	0.28	24.56	0.15	2.11	1.86	1.91	0.46	8.90	2.85	0.15	0.13	0.12	0.21	0.15
K_Offshore_80m_m2_113	2.75	3.32	2.69	2.36	2.55	4.87	2.14	8.10	1.80	6.10	2.32	13.40	1.72	7.05	3.80	4.42	6.19	3.38	3.16	2.75	1.31	1.57	3.83	2.90
K_Offshore_40m_m2_105	4.12	3.31	3.84	4.90	2.66	6.96	2.87	9.45	12.32	0.36	14.02	0.76	12.19	5.26	2.75	6.22	7.19	3.02	2.37	9.35	5.44	7.43	13.26	8.46
K_Offshore_120m_m2_023	1.35	3.27	1.97	1.43	1.46	0.04	15.94	0.00	0.00	20.42	0.01	2.82	0.00	4.68	3.34	4.01	0.13	26.88	6.84	0.00	0.01	0.01	0.00	0.00
K_DeepCast_150m_m1_084	16.11	3.26	10.79	3.38	4.74	0.00	0.06	0.00	0.00	0.04	0.00	0.00	0.00	6.06	7.08	3.48	0.00	0.01	1.51	0.00	0.00	0.00	0.00	0.00
M_DeepCast_400m_m2_195	0.36	3.21	1.03	3.92	3.21	0.01	0.04	0.01	0.01	0.04	0.01	0.04	0.01	0.06	3.91	6.23	0.00	0.03	0.03	0.01	0.00	0.01	0.01	0.00
M_DeepCast_200m_mx_295	0.81	3.19	1.68	4.26	4.06	0.01	0.05	0.02	0.02	0.08	0.02	0.07	0.02	0.17	6.97	7.36	0.01	0.05	0.07	0.02	0.02	0.03	0.02	0.01
K_Offshore_40m_m2_150	1.80	3.17	2.70	3.11	2.34	5.32	2.19	6.87	8.58	0.53	11.10	1.08	7.81	3.88	1.80	3.50	4.40	1.84	1.47	4.11	1.07	3.40	4.01	3.07
K_Offshore_80m_m1_177	2.79	3.13	2.48	2.76	2.40	4.30	3.36	6.21	1.63	7.85	2.63	17.40	1.98	9.98	6.53	8.45	9.88	5.69	5.92	3.98	2.58	2.27	6.11	5.36
M_surface_9_m1_291	1.97	3.10	2.85	2.55	1.93	5.10	1.99	8.30	5.79	0.05	4.95	0.14	6.04	3.89	1.65	1.91	4.22	1.58	1.20	6.43	1.33	3.91	3.20	3.40
M_DeepCast_50m_m2_133	2.93	3.05	2.39	2.24	1.81	0.04	20.70	0.02	0.02	26.80	0.03	4.89	0.02	5.93	6.65	5.67	0.07	25.83	13.41	0.02	0.02	0.04	0.02	0.01
K_Offshore_80m_m2_003	1.50	3.05	1.89	1.39	1.85	0.46	6.94	0.30	0.09	14.73	0.15	18.85	0.09	2.67	2.64	3.21	1.18	8.37	3.93	0.11	0.13	0.09	0.26	0.12
K_DeepCast_100m_m2_321	31.10	3.03	8.61	4.64	5.35	0.04	0.19	0.03	0.03	0.21	0.03	0.14	0.03	6.14	7.87	4.49	0.03	0.12	6.52	0.04	0.04	0.09	0.03	0.02
M_DeepCast_65m_m2_014	13.58	3.01	4.73	1.79	3.88	0.02	0.93	0.02	0.01	0.95	0.02	0.08	0.01	4.67	2.52	1.76	0.01	0.16	26.26	0.01	0.00	0.01	0.01	0.00
M_DeepCast_50m_m1_285	1.43	2.99	2.15	1.89	1.53	0.89	9.70	0.68	0.07	12.00	0.11	1.38	0.10	7.85	4.52	6.43	5.19	26.38	6.30	7.05	0.50	6.29	6.30	4.69
K_Offshore_surface_m2_247	4.30	2.95	3.39	3.11	2.21	7.73	2.95	11.69	7.58	0.15	9.56	0.17	9.82	5.74	2.00	2.31	4.85	2.23	1.70	6.79	5.77	6.58	8.58	8.51
K_DeepCast_65m_m2_193	1.28	2.94	1.59	1.10	1.54	0.08	10.57	0.07	0.05	5.50	0.06	3.04	0.05	1.33	1.18	1.46	0.09	9.80	4.54	0.05	0.03	0.05	0.06	0.04
M_DeepCast_65m_m1_270	9.09	2.91	8.38	1.78	3.81	0.14	0.59	0.15	0.14	0.77	0.18	0.50	0.15	7.57	7.84	2.83	0.12	0.40	11.67	0.11	0.22	0.16	0.12	0.12
K_Offshore_80m_m2_035	2.94	2.90	1.96	1.45	2.16	0.62	6.09	0.47	0.21	14.75	0.39	15.27	0.26	2.95	2.20	2.80	0.81	9.42	7.80	0.17	0.18	0.13	0.34	0.33
M_DeepCast_100m_m2_066	2.75	2.89	2.36	2.59	1.86	5.71	2.57	6.12	1.82	3.65	2.35	7.31	1.91	12.03	8.76	10.50	12.47	5.65	5.67	3.38	1.94	2.06	6.25	4.10
K_Offshore_80m_m1_159	1.51	2.88	1.65	1.34	2.16	0.37	4.91	0.14	0.02	13.28	0.13	20.96	0.06	1.83	1.30	2.00	0.44	7.32	4.16	0.02	0.04	0.02	0.06	0.03
K_DeepCast_150m_m2_167	16.96	2.84	9.36	1.80	3.32	0.00	0.05	0.00	0.00	0.06	0.00	0.00	0.00	4.92	3.98	1.84	0.00	0.00	2.16	0.01	0.01	0.02	0.01	0.00
M_DeepCast_65m_m1_019	12.36	2.81	8.00	1.95	4.00	0.03	1.13	0.02	0.01	1.23	0.02	0.31	0.02	5.59	7.32	2.13	0.02	0.29	19.62	0.02	0.01	0.02	0.02	0.01
M_DeepCast_50m_m2_162	1.05	2.81	1.74	1.12	1.79	0.04	6.30	0.02	0.01	5.60	0.04	7.25	0.02	1.08	1.03	1.24	0.13	8.55	1.70	0.02	0.02	0.02	0.03	0.02
K_Offshore_120m_m2_038	1.48	2.80	1.72	1.12	1.61	0.08	9.84	0.08	0.04	17.89	0.07	11.57	0.05	1.73	1.45	1.76	0.16	11.83	5.48	0.05	0.07	0.10	0.07	0.05
K_DeepCast_35m_m1_073	3.31	2.78	2.25	2.57	2.01	8.29	1.77	8.30	2.05	0.66	3.93	1.00	2.94	4.67	2.03	2.90	4.00	1.77	1.11	5.62	4.11	4.66	6.86	4.63
K_DeepCast_35m_m2_046	3.04	2.77	2.60	3.14	2.24	11.18	2.72	5.96	4.18	0.39	4.78	0.57	3.16	1.32	0.85	1.03	1.30	0.60	0.87	0.72	0.20	0.45	0.63	0.29
K_Offshore_80m_m2_146	2.57	2.77	2.12	1.71	2.28	1.75	2.46	2.36	0.88	7.14	1.34	9.39	1.00	2.17	1.29	1.73	0.96	4.04	4.28	0.64	0.53	0.55	0.95	0.83
K_Offshore_40m_m2_283	2.15	2.76	2.07	2.39	1.73	3.44	1.75	5.32	6.50	0.24	8.40	0.43	6.93	3.57	1.91	3.28	3.72	1.74	1.39	3.30	2.23	2.63	4.02	3.82
K_Offshore_80m_m2_061	1.42	2.73	1.72	1.24	2.00	0.85	4.85	0.78	0.25	7.70	0.54	13.22	0.41	1.83	1.31	1.78	0.69	6.56	3.45	0.83	1.21	0.79	0.76	0.79
M_surface_7_m1_001	3.85	2.71	2.18	2.86	2.03	9.29	2.31	7.34	2.58	0.37	2.92	0.42	3.63	4.96	2.80	3.37	3.99	1.70	1.29	10.14	5.60	10.26	11.04	5.02
K_Offshore_120m_m2_034	2.15	2.69	2.30	1.91	1.77	1.69	8.42	1.75	0.72	26.01	1.21	18.88	0.88	2.80	2.13	2.51	1.38	13.20	3.40	1.30	0.90	1.06	1.55	1.73
K_Offshore_40m_m1_243	1.72	2.64	2.07	2.00	1.94	4.64	1.45	5.63	6.08	0.21	7.70	0.23	6.59	2.96	1.52	1.99	2.73	1.10	1.10	2.62	0.93	2.06	2.87	2.05
K_Offshore_40m_m2_139	2.85	2.64	2.35	2.82	1.85	6.18	1.70	7.09	4.13	1.33	9.27	1.50	6.97	4.17	1.38	2.74	4.30	2.00	1.10	6.49	6.31	6.06	8.36	6.44
K_Offshore_80m_m2_094	1.18	2.61	1.65	1.04	1.76	0.22	5.24	0.20	0.13	7.99	0.20	10.98	0.14	1.23	0.89	1.58	0.26	7.32	3.60	0.11	0.08	0.16	0.14	0.09
M_DeepCast_100m_mx_118	2.52	2.59	2.12	2.28	1.71	4.74	2.79	4.81	2.72	7.94	3.19	14.71	2.83	10.23	8.06	9.39	10.48	5.59	5.08	3.17	2.91	2.08	5.70	4.45
K_Offshore_surface_m2_088	3.82	2.57	3.09	3.52	1.88	7.75	3.11	8.12	0.60	0.15	1.76	0.08	1.65	5.12	1.76	2.83	4.78	2.63	1.73	7.02	4.79	7.74	7.71	11.57
K_Offshore_80m_m2_170	1.33	2.57	1.52	1.13	1.81	0.30	4.69	0.22	0.03	15.90	0.20	34.21	0.04	1.09	1.08	1.45	0.34	5.02	3.03	0.06	0.03	0.05	0.08	0.05
M_surface_9_m1_296	5.24	2.57	3.72	3.78	2.19	9.41	3.91	10.22	8.52	0.14	14.13	0.18	12.56	4.51	2.20	2.69	4.81	1.98	1.64	10.05	14.69	10.83	10.81	19.77
M_DeepCast_400m_m2_244	0.84	2.56	1.81	3.49	3.42	0.00	0.01	0.00	0.00	0.00	0.00	0.00	0.00	0.21	3.44	5.34	0.00	0.00	0.08	0.00	0.00	0.01	0.00	0.00
K_Offshore_80m_m1_220	1.60	2.56	1.66	1.60	1.88	1.37	3.74	2.18	0.52	7.09	0.79	11.48	0.48	2.20	1.20	2.14	1.47	5.15	3.92	0.73	0.45	0.54	1.13	0.89
M_surface_9_mx_130	3.40	2.56	2.79	3.08	1.86	6.07	3.04	7.58	3.29	2.09	4.52	2.01	4.27	3.66	1.65	2.10	3.17	2.39	1.43	5.93	6.08	5.54	5.93	8.35
K_Offshore_surface_m1_010	3.21	2.55	2.22	2.69	1.81	6.63	1.69	7.96	8.20	0.19	10.71	0.34	12.74	5.28	2.20	2.93	4.72	1.80	1.33	9.90	5.11	9.25	8.70	7.78
K_Offshore_120m_m2_041	3.38	2.50	2.52	1.81	1.97	0.90	8.30	1.09	0.95	13.82	1.22	7.74	0.95	2.41	2.49	2.39	0.70	7.23	6.23	0.62	0.32	0.56	0.74	0.41
K_DeepCast_150m_m2_086	13.50	2.50	9.77	2.70	3.61	0.00	0.04	0.00	0.00	0.03	0.00	0.00	0.00	4.61	5.48	2.81	0.00	0.01	0.78	0.00	0.00	0.00	0.00	0.00
K_DeepCast_35m_m2_327	3.27	2.50	2.29	2.93	1.93	8.12	2.27	6.24	0.34	0.02	0.39	0.04	0.57	0.05	0.04	0.06	0.05	0.02	0.04	0.06	0.03	0.05	0.04	0.04
K_Offshore_40m_m1_292	3.54	2.46	2.60	2.33	1.89	5.26	2.06	7.70	8.57	0.43	9.48	0.65	8.75	4.09	2.34	2.57	4.07	1.68	1.80	6.15	2.43	5.15	7.17	3.99
M_DeepCast_65m_m2_181	4.33	2.44	2.61	1.80	2.13	0.06	10.69	0.05	0.05	16.56	0.06	13.13	0.03	3.97	4.84	3.73	0.18	10.31	25.38	0.03	0.03	0.05	0.05	0.02
M_DeepCast_50m_m2_207	0.40	2.42	1.21	0.66	1.51	0.02	4.26	0.01	0.00	4.67	0.01	2.27	0.00	1.13	0.90	0.99	0.12	7.47	2.29	0.00	0.01	0.01	0.01	0.00
M_DeepCast_65m_m2_256	2.80	2.37	2.50	1.21	1.75	0.24	5.00	0.24	0.23	6.48	0.28	6.21	0.30	2.04	1.35	1.87	0.25	9.06	9.13	0.16	0.07	0.13	0.19	0.15
M_DeepCast_65m_m2_126	13.36	2.34	3.46	1.14	2.08	0.01	5.24	0.01	0.01	6.12	0.01	0.35	0.01	8.08	4.96	3.81	0.01	0.23	74.64	0.03	0.02	0.08	0.02	0.02
K_DeepCast_150m_m2_305	9.27	2.34	11.08	2.17	2.85	0.00	0.05	0.00	0.00	0.02	0.00	0.01	0.00	1.79	2.46	1.51	0.00	0.01	0.66	0.00	0.00	0.00	0.00	0.00
K_DeepCast_150m_m2_048	7.82	2.32	8.20	3.27	3.12	0.00	0.02	0.00	0.00	0.01	0.00	0.00	0.00	2.39	9.77	2.77	0.00	0.00	0.30	0.00	0.00	0.00	0.00	0.00
M_DeepCast_400m_m1_331	2.07	2.30	1.94	5.19	4.26	0.00	0.01	0.01	0.01	0.01	0.01	0.01	0.00	0.21	4.30	10.64	0.00	0.01	0.04	0.00	0.00	0.01	0.00	0.00
K_DeepCast_65m_m2_238	1.35	2.26	1.12	0.91	1.22	0.04	10.52	0.01	0.01	10.55	0.03	4.51	0.02	1.53	0.83	1.58	0.10	10.27	5.81	0.02	0.04	0.01	0.02	0.04
M_DeepCast_50m_m2_049	2.01	2.24	1.84	1.23	1.46	0.56	6.31	0.49	0.17	10.41	0.42	6.39	0.34	2.43	1.60	1.95	0.47	12.96	4.34	0.55	0.61	0.55	0.58	0.83
K_Offshore_40m_m1_054	2.42	2.24	1.68	2.21	1.59	5.89	1.77	5.69	4.25	0.26	11.06	0.27	7.75	1.95	0.87	1.44	2.18	0.83	0.74	3.18	1.34	2.57	2.93	1.71
K_Offshore_40m_m2_131	2.98	2.13	1.86	2.52	1.74	8.40	1.81	5.15	4.11	0.23	11.25	0.49	10.39	3.25	1.25	1.98	3.25	1.41	0.88	4.75	5.37	2.67	5.70	6.99
M_surface_7_m2_040	1.44	2.12	1.94	1.70	1.37	3.58	1.36	5.73	4.36	0.08	3.80	0.22	4.78	2.67	1.22	1.45	2.91	1.06	0.87	4.69	0.88	3.32	2.70	2.04
K_DeepCast_100m_mx_210	10.66	2.12	5.36	4.38	4.31	0.00	0.02	0.00	0.00	0.01	0.00	0.00	0.00	1.68	5.52	3.35	0.00	0.00	0.53	0.00	0.00	0.00	0.00	0.00
K_Offshore_surface_m1_220	2.13	2.10	2.06	2.07	1.23	5.60	1.50	5.16	7.13	0.12	6.22	0.22	9.59	4.11	2.18	2.20	3.31	1.79	1.28	3.81	2.46	4.31	4.86	2.91
K_Offshore_80m_m2_097	0.94	2.10	1.44	0.93	1.20	0.18	5.34	0.11	0.17	71.20	0.85	44.40	0.45	2.16	1.74	2.17	0.34	14.25	2.79	0.09	0.40	0.08	0.18	0.45
M_DeepCast_50m_m2_194	2.93	2.09	1.62	0.95	1.22	0.05	5.97	0.04	0.01	6.58	0.03	2.55	0.02	2.11	1.11	1.42	0.08	7.90	4.92	0.02	0.02	0.01	0.02	0.03
K_Offshore_40m_m1_063	2.14	2.03	1.24	1.62	1.58	4.92	1.46	4.89	4.22	0.62	12.36	0.72	10.32	0.82	0.42	0.61	0.77	0.38	0.26	0.91	2.33	0.79	1.09	1.02
K_DeepCast_100m_m2_307	17.39	2.01	5.50	2.91	3.54	0.02	0.08	0.02	0.02	0.09	0.02	0.05	0.03	4.27	6.94	3.98	0.02	0.05	4.26	0.04	0.04	0.15	0.03	0.03
K_DeepCast_65m_m1_217	0.77	1.95	0.94	0.73	1.14	0.12	7.11	0.04	0.01	5.93	0.04	6.93	0.02	1.07	0.79	1.06	0.15	5.19	3.12	0.01	0.02	0.02	0.02	0.01
M_DeepCast_65m_m1_282	21.90	1.91	3.94	1.92	3.03	0.00	0.04	0.00	0.00	0.03	0.00	0.00	0.00	5.88	3.21	2.37	0.00	0.01	42.40	0.00	0.00	0.00	0.00	0.00
K_Offshore_80m_m2_049	1.08	1.90	1.28	1.07	1.48	0.75	3.22	1.05	0.27	6.54	0.41	11.36	0.28	1.37	1.10	1.45	0.65	4.19	2.37	0.26	0.18	0.23	0.42	0.27
M_DeepCast_400m_m2_044	1.17	1.88	1.37	1.87	1.92	0.00	0.00	0.00	0.00	0.00	0.00	0.00	0.00	0.26	2.02	2.26	0.00	0.00	0.03	0.00	0.00	0.00	0.00	0.00
M_DeepCast_50m_m2_029	1.97	1.87	1.25	0.78	1.27	0.18	7.36	0.10	0.07	5.46	0.12	2.79	0.16	2.12	1.26	1.42	0.14	9.00	3.50	0.10	0.14	0.06	0.16	0.12
M_DeepCast_65m_m2_011	14.02	1.83	3.68	1.56	2.33	0.02	0.21	0.01	0.01	0.20	0.01	0.07	0.02	3.27	2.64	1.49	0.02	0.07	37.36	0.01	0.01	0.02	0.01	0.01
K_DeepCast_100m_m1_326	23.50	1.82	6.32	1.77	2.74	0.02	0.12	0.01	0.02	0.08	0.02	0.05	0.02	2.89	2.49	1.48	0.01	0.04	1.14	0.01	0.02	0.03	0.01	0.02
M_DeepCast_65m_m2_041	5.87	1.77	3.83	0.87	1.97	0.02	0.87	0.02	0.02	0.89	0.02	0.13	0.02	2.39	2.42	0.87	0.01	0.12	9.31	0.02	0.01	0.02	0.02	0.01
K_Offshore_80m_m2_048	0.98	1.76	1.14	0.78	1.17	0.30	3.41	0.25	0.06	6.75	0.11	8.51	0.09	1.50	1.43	1.45	0.55	5.47	2.65	0.15	0.10	0.11	0.18	0.17
K_DeepCast_65m_m1_015	1.46	1.75	1.52	1.00	1.22	0.18	7.64	0.03	0.01	3.91	0.12	2.85	0.10	1.02	1.27	1.06	0.09	5.82	2.10	0.03	0.05	0.14	0.04	0.07
M_DeepCast_65m_m1_265	12.45	1.74	3.29	1.77	2.27	0.14	0.83	0.24	0.13	1.08	0.15	0.08	0.15	1.93	1.47	1.22	0.13	0.16	13.52	0.19	0.09	0.12	0.12	0.13
K_DeepCast_100m_mx_218	24.55	1.73	6.35	2.17	2.75	0.02	0.19	0.01	0.03	0.79	0.03	0.19	0.27	7.01	6.63	3.00	0.66	0.78	7.74	0.45	0.08	0.14	0.04	0.14
K_Offshore_surface_mx_080	3.65	1.66	5.02	6.19	2.18	2.88	2.92	11.86	0.73	0.82	1.62	1.79	13.79	2.56	2.07	5.62	11.46	2.91	1.26	12.52	1.35	7.50	14.98	1.71
M_surface_10_m2_100	2.54	1.64	2.13	2.88	1.71	3.96	2.92	13.16	0.70	1.90	1.94	2.25	17.58	8.11	3.69	20.86	23.66	11.05	4.36	35.20	2.46	8.92	13.72	1.60
K_Offshore_40m_m1_004	2.99	1.63	1.95	2.47	1.44	5.28	1.97	5.62	13.13	0.18	24.03	0.24	22.70	2.39	1.31	1.91	2.51	1.05	0.86	6.10	8.88	6.78	6.79	11.13
K_Offshore_80m_m1_225	0.86	1.63	1.11	1.07	1.32	0.92	2.04	1.08	0.27	9.52	0.49	17.32	0.35	1.10	0.94	1.45	0.75	2.28	1.30	0.28	0.21	0.25	0.43	0.27
K_DeepCast_100m_m2_324	25.06	1.59	6.75	2.10	2.71	0.01	0.05	0.00	0.00	0.01	0.01	0.01	0.00	3.98	2.72	1.77	0.00	0.01	0.57	0.00	0.00	0.01	0.00	0.00
M_DeepCast_65m_m2_186	4.10	1.57	1.70	0.77	1.36	0.15	2.45	0.16	0.10	3.37	0.13	1.86	0.12	1.84	1.18	1.26	0.14	2.36	12.04	0.08	0.07	0.07	0.10	0.07
K_Offshore_80m_m2_020	0.90	1.55	1.00	0.65	1.04	0.11	4.16	0.07	0.02	7.59	0.08	13.91	0.03	0.73	0.67	0.88	0.12	3.89	2.55	0.03	0.04	0.05	0.04	0.02
K_DeepCast_150m_m2_259	8.41	1.55	9.17	2.74	2.09	0.01	0.01	0.01	0.00	0.00	0.01	0.00	0.01	2.32	7.43	2.25	0.00	0.00	0.31	0.01	0.02	0.02	0.01	0.02
M_DeepCast_65m_m2_129	3.50	1.54	1.05	0.68	1.42	0.14	1.81	0.19	0.07	2.34	0.07	1.06	0.07	1.86	0.97	1.27	0.13	0.96	15.74	0.10	0.09	0.13	0.13	0.09
M_DeepCast_65m_m2_156	13.69	1.52	3.25	0.95	1.72	0.00	0.07	0.00	0.00	0.23	0.00	0.02	0.01	4.76	3.37	1.30	0.00	0.01	10.84	0.02	0.03	0.06	0.02	0.01
K_DeepCast_100m_m2_241	13.01	1.51	4.42	1.32	1.84	0.01	0.02	0.01	0.00	0.06	0.01	0.01	0.02	4.28	3.18	1.43	0.00	0.01	0.13	0.05	0.23	0.08	0.07	0.06
M_DeepCast_200m_m2_133	1.28	1.49	3.78	3.89	3.23	0.02	0.06	0.01	0.01	0.05	0.01	0.03	0.01	0.26	10.10	2.45	0.01	0.04	0.07	0.01	0.01	0.02	0.01	0.01
M_DeepCast_65m_m1_022	5.54	1.46	3.20	0.69	1.67	0.01	0.80	0.01	0.01	0.81	0.00	0.16	0.01	2.06	1.87	0.70	0.00	0.13	7.69	0.01	0.01	0.01	0.01	0.00
K_Offshore_80m_m2_101	1.08	1.46	1.19	1.23	1.04	1.93	1.37	2.36	2.52	4.71	3.70	10.59	2.45	2.43	1.45	2.21	2.40	2.35	1.31	1.18	1.05	0.72	1.97	2.28
K_Offshore_40m_m1_238	0.89	1.45	0.92	1.01	1.06	1.54	1.09	2.15	11.94	1.33	14.13	1.29	11.40	1.28	0.77	1.43	1.15	1.30	0.87	2.05	1.63	1.36	1.58	1.03
K_DeepCast_100m_m2_162	20.78	1.35	7.13	2.69	2.66	0.01	0.02	0.00	0.00	0.01	0.01	0.00	0.00	4.47	7.80	2.00	0.00	0.01	0.93	0.01	0.01	0.01	0.01	0.01
K_Offshore_80m_m2_058	0.67	1.34	0.76	0.55	0.96	0.09	4.19	0.01	0.01	10.57	0.04	11.61	0.01	1.11	1.11	1.07	0.23	4.00	1.29	0.00	0.00	0.01	0.01	0.00
K_DeepCast_100m_m2_289	14.77	1.33	5.12	1.60	1.50	0.01	0.07	0.01	0.01	0.08	0.01	0.07	0.01	3.59	3.81	1.76	0.01	0.05	2.25	0.01	0.01	0.02	0.01	0.01
K_Offshore_80m_m2_117	0.88	1.29	0.99	0.77	1.23	0.38	3.42	0.18	0.04	11.86	0.17	27.08	0.04	0.95	0.92	1.07	0.39	2.95	1.48	0.08	0.05	0.07	0.10	0.06
M_DeepCast_50m_m1_090	1.54	1.28	0.89	0.66	0.80	0.07	6.59	0.04	0.01	3.17	0.04	0.63	0.05	1.46	1.02	1.35	0.06	10.30	3.54	0.03	0.05	0.02	0.05	0.04
K_DeepCast_100m_m2_315	11.58	1.28	2.57	1.35	1.98	0.09	0.23	0.10	0.08	0.34	0.09	0.25	0.10	1.97	1.42	1.07	0.08	0.16	5.23	0.14	0.18	0.35	0.16	0.10
M_DeepCast_65m_m1_287	6.17	1.22	1.29	0.92	1.64	0.02	0.84	0.01	0.01	0.67	0.02	0.10	0.02	2.32	2.09	1.59	0.02	0.22	20.90	0.05	0.06	0.21	0.05	0.02
K_Offshore_80m_m2_081	0.68	1.22	0.84	0.73	1.11	0.65	1.11	0.77	0.25	2.96	0.30	8.48	0.24	0.90	0.70	0.97	0.63	1.42	0.95	0.33	0.23	0.34	0.42	0.30
K_Offshore_80m_m2_084	0.93	1.21	1.09	0.79	0.99	0.05	3.81	0.02	0.01	8.67	0.05	15.89	0.01	0.69	0.84	0.76	0.07	4.18	0.89	0.02	0.02	0.02	0.02	0.02
M_DeepCast_65m_m2_061	1.59	1.19	0.93	0.79	0.91	0.38	2.62	0.38	0.28	2.92	0.35	1.75	0.27	2.49	2.91	2.20	0.29	2.48	42.25	0.23	0.12	0.25	0.27	0.15
M_DeepCast_65m_m2_010	8.42	1.18	2.49	0.85	1.34	0.12	0.60	0.11	0.07	1.10	0.08	0.39	0.08	2.72	1.53	1.02	0.08	0.43	8.34	0.11	0.09	0.21	0.13	0.10
K_Offshore_120m_m1_203	2.68	1.18	1.07	0.78	0.98	0.83	1.08	1.02	0.72	9.97	0.89	1.29	0.99	1.21	1.00	1.29	0.62	1.60	2.51	1.68	1.85	2.26	1.67	0.96
K_Offshore_80m_m2_043	0.93	1.15	0.88	0.74	0.92	0.60	2.05	0.72	0.31	5.79	0.46	11.30	0.35	1.04	0.87	1.08	0.62	2.53	1.89	0.35	0.30	0.43	0.49	0.33
M_DeepCast_65m_m2_243	5.18	1.14	1.24	0.65	1.39	0.09	0.68	0.11	0.06	1.57	0.07	0.45	0.06	2.32	1.15	1.21	0.10	0.32	19.03	0.07	0.05	0.08	0.08	0.07
K_Offshore_80m_m1_181	0.95	1.09	0.80	0.63	0.86	0.31	3.42	0.25	0.11	7.28	0.26	21.31	0.19	0.85	0.80	0.96	0.19	4.51	2.09	0.07	0.09	0.15	0.12	0.08
M_DeepCast_50m_m2_156	0.98	1.09	0.82	0.49	0.56	0.01	2.93	0.00	0.00	5.91	0.01	2.01	0.01	1.90	1.50	1.55	0.09	12.96	5.53	0.01	0.02	0.01	0.01	0.03
M_DeepCast_65m_m1_095	2.30	1.09	1.06	0.43	0.73	0.00	0.53	0.00	0.00	0.39	0.00	0.01	0.00	1.90	0.80	1.07	0.00	0.13	17.42	0.01	0.01	0.02	0.01	0.00
M_DeepCast_50m_m1_063	0.59	1.07	0.65	0.53	0.64	0.16	3.28	0.17	0.09	5.90	0.19	2.41	0.21	1.04	0.67	1.09	0.13	9.80	1.78	0.18	0.28	0.15	0.37	0.19
K_Offshore_80m_m2_197	0.54	1.05	0.84	0.62	0.93	0.33	1.75	0.22	0.13	4.77	0.25	11.97	0.20	0.52	0.48	0.78	0.26	2.35	0.82	0.22	0.23	0.31	0.24	0.24
K_DeepCast_65m_m2_236	0.49	1.05	0.67	0.50	0.48	0.07	7.50	0.05	0.04	2.16	0.05	1.07	0.05	0.76	0.75	0.67	0.07	4.22	2.45	0.04	0.03	0.05	0.04	0.03
K_Offshore_surface_m1_204	1.81	1.03	1.05	1.08	0.82	2.16	2.04	2.17	6.25	1.91	6.76	2.79	7.46	1.29	0.99	1.19	0.92	1.22	0.62	1.02	0.29	0.81	1.09	0.48
M_surface_10_m2_039	20.69	1.00	10.78	0.97	0.74	2.51	0.80	3.00	1.77	159.42	2.16	0.45	82.93	140.87	0.94	3.78	166.43	174.45	0.52	139.00	1.92	2.98	1.92	35.67
M_surface_9_m1_279	2.52	1.00	1.53	1.98	0.86	3.99	1.84	4.06	1.84	0.40	3.03	0.67	3.30	2.76	1.66	2.01	2.83	1.54	1.07	10.82	8.54	7.41	6.66	14.63
K_Offshore_80m_m2_157	0.59	0.96	0.64	0.49	0.77	0.13	1.58	0.09	0.05	4.76	0.15	11.65	0.07	0.55	0.45	0.75	0.13	2.93	1.39	0.04	0.06	0.05	0.06	0.05
M_DeepCast_100m_mx_241	1.12	0.96	0.89	0.98	0.74	2.16	1.02	2.06	1.18	0.93	2.02	1.26	1.77	6.91	6.63	5.62	5.04	3.36	5.08	2.20	1.62	1.81	2.68	1.94
M_surface_10_m1_278	0.92	0.93	0.74	1.01	0.59	1.27	0.73	2.14	2.12	0.14	2.25	0.13	1.52	1.01	0.75	1.12	1.07	0.48	0.51	21.08	2.33	2.16	2.90	2.61
M_DeepCast_65m_mx_140	6.77	0.90	1.14	0.62	1.28	0.00	0.14	0.00	0.00	0.17	0.00	0.00	0.00	2.75	1.12	1.21	0.00	0.01	9.11	0.00	0.01	0.00	0.00	0.00
M_DeepCast_200m_m1_344	1.17	0.89	0.84	0.83	0.75	2.17	0.82	2.39	1.03	0.72	1.28	0.64	1.79	1.64	1.49	1.40	1.09	0.91	0.62	1.68	1.95	1.37	1.67	1.28
M_DeepCast_65m_m1_275	4.48	0.87	1.14	0.49	0.90	0.06	0.77	0.07	0.03	1.26	0.04	0.54	0.03	1.81	0.92	0.78	0.06	0.38	9.05	0.04	0.05	0.06	0.07	0.05
M_surface_10_m2_023	0.95	0.85	0.78	1.12	0.65	1.94	0.82	1.75	0.30	0.16	0.35	0.26	0.28	8.36	5.27	9.00	10.33	4.13	3.75	14.16	4.71	13.15	11.48	12.88
K_Offshore_80m_m2_039	1.45	0.84	0.91	0.46	0.78	0.11	2.53	0.09	0.08	5.13	0.10	9.47	0.07	0.79	1.02	0.66	0.11	2.13	1.56	0.06	0.05	0.08	0.09	0.04
M_DeepCast_65m_m2_091	1.75	0.83	1.05	0.72	0.70	1.30	0.92	1.28	0.63	0.85	1.04	0.73	0.78	1.48	1.19	0.78	0.70	0.60	10.63	0.72	0.89	0.65	0.75	0.54
M_surface_8_m2_110	1.57	0.81	1.14	1.44	0.62	3.29	1.28	2.93	0.14	0.10	0.38	0.06	0.30	2.64	0.88	1.46	2.50	1.35	0.81	3.75	2.19	4.98	5.08	5.80
K_Offshore_surface_m1_032	1.02	0.77	0.78	0.95	0.52	1.64	0.84	1.97	0.90	0.34	1.39	0.50	1.27	1.07	0.51	0.84	1.15	0.67	0.43	1.42	1.04	1.16	1.84	1.84
K_Offshore_120m_m2_200	0.90	0.74	0.58	0.41	0.54	0.21	4.65	0.13	0.14	17.29	0.14	5.74	0.16	0.62	0.53	0.47	0.18	1.57	2.21	0.07	0.04	0.06	0.06	0.05
M_DeepCast_65m_mx_036	3.62	0.73	1.58	0.46	0.94	0.01	0.43	0.01	0.00	0.42	0.00	0.07	0.01	1.16	1.10	0.46	0.00	0.08	4.90	0.01	0.01	0.01	0.01	0.01
K_Offshore_80m_m2_183	0.48	0.71	0.51	0.55	0.69	0.43	1.06	0.28	0.08	6.49	0.27	15.70	0.12	0.43	0.42	0.70	0.28	1.44	0.88	0.08	0.10	0.09	0.13	0.12
M_DeepCast_65m_m2_071	2.93	0.71	0.79	0.48	0.88	0.04	0.60	0.03	0.02	0.35	0.03	0.29	0.03	1.24	0.97	0.91	0.03	0.41	19.32	0.03	0.02	0.05	0.03	0.02
M_surface_6_m2_121	1.54	0.71	0.84	1.03	0.57	2.84	0.90	2.54	1.39	0.51	1.76	0.67	3.72	0.79	0.45	0.42	0.61	0.55	0.24	0.92	11.09	0.71	2.85	2.26
M_surface_9_m2_068	1.03	0.71	0.74	0.89	0.51	1.59	0.79	1.80	0.72	0.54	1.16	0.93	0.85	1.18	0.55	0.90	1.24	0.78	0.53	1.46	1.04	1.18	1.87	2.29
M_surface_6_m1_040	1.35	0.70	0.78	0.86	0.52	2.28	0.65	2.59	2.88	0.76	4.76	0.49	4.97	1.82	0.99	1.17	1.35	0.85	0.40	2.20	8.41	3.35	2.20	5.31
M_surface_9_mx_152	0.85	0.68	0.53	0.58	0.49	1.81	0.42	1.68	0.53	0.14	1.02	0.37	1.11	1.40	0.88	0.91	1.13	0.35	0.21	4.06	6.12	2.32	1.77	9.80
K_Offshore_80m_m1_004	0.59	0.66	0.60	0.54	0.74	0.13	0.58	0.05	0.02	1.68	0.05	8.57	0.01	0.22	0.41	0.39	0.10	0.51	0.27	0.02	0.01	0.01	0.02	0.01
K_Offshore_80m_m2_185	0.38	0.63	0.45	0.39	0.57	0.40	0.45	0.42	0.25	5.16	0.57	22.86	0.34	0.39	0.41	0.45	0.26	0.44	0.37	0.14	0.16	0.15	0.22	0.15
K_Offshore_80m_m2_019	0.54	0.61	0.63	0.49	0.51	0.43	1.86	0.29	0.17	3.74	0.28	11.79	0.22	0.81	0.91	0.80	0.36	2.22	1.00	0.19	0.16	0.19	0.25	0.19
K_Offshore_120m_m2_055	0.47	0.57	0.37	0.27	0.37	0.04	1.64	0.03	0.01	10.76	0.03	3.18	0.03	0.68	0.52	0.56	0.04	3.19	0.93	0.01	0.01	0.01	0.02	0.02
M_surface_9_m2_059	1.15	0.57	0.71	0.86	0.42	2.00	0.88	2.36	0.93	0.11	2.00	0.10	1.80	0.95	0.33	0.43	0.74	0.53	0.29	1.40	2.24	1.62	1.65	4.63
K_Offshore_surface_mx_130	0.74	0.57	0.61	0.64	0.45	1.60	0.56	1.33	4.93	0.54	6.00	0.64	10.14	0.93	0.67	0.71	0.89	0.40	0.33	0.97	0.89	1.44	1.06	1.11
M_surface_9_m2_064	0.88	0.54	0.58	0.74	0.44	1.69	0.67	2.02	0.36	0.11	0.69	0.08	0.65	2.28	0.89	1.21	1.96	0.79	0.61	4.44	2.87	4.69	2.17	9.31
K_Offshore_80m_m2_034	0.49	0.54	0.48	0.48	0.56	0.27	1.04	0.26	0.09	5.73	0.18	16.51	0.13	0.36	0.42	0.48	0.20	1.03	0.48	0.12	0.12	0.11	0.17	0.13
K_Offshore_80m_m2_079	0.68	0.48	0.58	0.50	0.48	0.10	2.12	0.03	0.01	9.38	0.05	22.47	0.01	0.37	0.57	0.46	0.06	1.41	0.54	0.01	0.02	0.01	0.01	0.01
M_DeepCast_65m_m2_204	3.66	0.47	1.04	0.44	0.76	0.01	0.09	0.01	0.01	0.12	0.01	0.09	0.01	1.35	1.07	0.65	0.01	0.08	7.69	0.01	0.01	0.01	0.01	0.01
M_DeepCast_400m_m1_127	0.43	0.41	0.39	0.32	0.30	0.63	0.35	1.13	0.56	0.36	0.80	0.54	1.22	0.55	0.49	0.85	0.58	0.66	0.53	0.84	0.20	0.47	1.05	0.48
M_surface_6_m2_085	0.65	0.38	0.45	0.52	0.23	1.09	0.47	1.18	0.40	0.19	0.66	0.37	0.46	0.69	0.35	0.48	0.66	0.38	0.28	0.74	0.69	0.65	1.07	1.09
K_Offshore_80m_m2_119	0.32	0.35	0.36	0.18	0.43	0.01	0.21	0.02	0.02	10.34	0.08	36.38	0.02	0.06	0.04	0.03	0.03	0.14	0.03	0.04	0.04	0.03	0.04	0.07
M_DeepCast_65m_m2_104	2.42	0.34	0.46	0.34	0.51	0.13	0.26	0.10	0.09	0.65	0.08	0.25	0.08	1.08	0.91	0.79	0.07	0.12	12.72	0.04	0.02	0.05	0.03	0.02
M_surface_10_m2_196	0.37	0.27	0.29	0.30	0.20	0.64	0.30	0.90	1.05	0.01	0.77	0.02	1.14	0.48	0.18	0.25	0.47	0.20	0.17	9.76	0.90	2.16	1.03	1.21
M_surface_10_m1_315	0.38	0.25	0.15	0.17	0.18	0.22	0.17	0.27	0.48	0.41	0.31	0.14	1.43	0.24	0.17	0.30	0.23	0.19	0.16	10.71	0.61	3.95	0.69	0.40
M_surface_9_m1_277	0.25	0.23	0.24	0.22	0.17	0.25	0.65	0.39	0.97	0.26	2.99	0.13	2.25	0.73	0.38	0.64	0.69	1.04	0.54	6.33	2.53	5.10	0.87	9.02
M_DeepCast_65m_m1_011	0.13	0.17	0.11	0.08	0.12	0.03	0.60	0.02	0.01	1.00	0.02	0.15	0.02	0.84	1.07	0.96	0.20	0.45	24.60	0.01	0.03	0.03	0.01	0.01
M_surface_9_m2_177	0.05	0.05	0.04	0.03	0.04	0.09	0.04	0.12	0.02	0.03	0.06	0.03	0.07	4.53	5.01	3.95	4.30	1.43	1.53	5.73	0.82	7.40	0.69	8.79
M_DeepCast_400m_m1_040	0.02	0.04	0.01	0.01	0.03	0.01	0.01	0.02	0.00	0.01	0.00	0.01	0.00	0.10	0.17	11.16	0.01	0.03	0.07	0.01	0.01	0.02	0.02	0.01
M_surface_7_m2_013	0.04	0.03	0.03	0.02	0.03	0.06	0.05	0.07	0.03	0.05	0.05	0.06	0.06	0.06	0.04	0.06	0.04	0.05	0.07	1.30	1.13	10.52	4.27	4.20